-- MySQL dump 10.13  Distrib 8.0.19, for Win64 (x86_64)
--
-- Host: localhost    Database: pobj
-- ------------------------------------------------------
-- Server version	5.5.5-10.1.32-MariaDB

/*!40101 SET @OLD_CHARACTER_SET_CLIENT=@@CHARACTER_SET_CLIENT */;
/*!40101 SET @OLD_CHARACTER_SET_RESULTS=@@CHARACTER_SET_RESULTS */;
/*!40101 SET @OLD_COLLATION_CONNECTION=@@COLLATION_CONNECTION */;
/*!50503 SET NAMES utf8mb4 */;
/*!40103 SET @OLD_TIME_ZONE=@@TIME_ZONE */;
/*!40103 SET TIME_ZONE='+00:00' */;
/*!40014 SET @OLD_UNIQUE_CHECKS=@@UNIQUE_CHECKS, UNIQUE_CHECKS=0 */;
/*!40014 SET @OLD_FOREIGN_KEY_CHECKS=@@FOREIGN_KEY_CHECKS, FOREIGN_KEY_CHECKS=0 */;
/*!40101 SET @OLD_SQL_MODE=@@SQL_MODE, SQL_MODE='NO_AUTO_VALUE_ON_ZERO' */;
/*!40111 SET @OLD_SQL_NOTES=@@SQL_NOTES, SQL_NOTES=0 */;

--
-- Table structure for table `agencias`
--

DROP TABLE IF EXISTS `agencias`;
/*!40101 SET @saved_cs_client     = @@character_set_client */;
/*!50503 SET character_set_client = utf8mb4 */;
CREATE TABLE `agencias` (
  `id` int(10) unsigned NOT NULL AUTO_INCREMENT,
  `regional_id` int(10) unsigned NOT NULL,
  `nome` varchar(255) COLLATE utf8_unicode_ci NOT NULL,
  `porte` varchar(30) COLLATE utf8_unicode_ci NOT NULL,
  `created_at` timestamp NOT NULL DEFAULT CURRENT_TIMESTAMP,
  `updated_at` timestamp NULL DEFAULT NULL ON UPDATE CURRENT_TIMESTAMP,
  PRIMARY KEY (`id`),
  UNIQUE KEY `uq_agencia_regional_nome` (`regional_id`,`nome`),
  CONSTRAINT `fk_agencias_regional` FOREIGN KEY (`regional_id`) REFERENCES `regionais` (`id`)
) ENGINE=InnoDB AUTO_INCREMENT=3365 DEFAULT CHARSET=utf8 COLLATE=utf8_unicode_ci;
/*!40101 SET character_set_client = @saved_cs_client */;

--
-- Dumping data for table `agencias`
--

LOCK TABLES `agencias` WRITE;
/*!40000 ALTER TABLE `agencias` DISABLE KEYS */;
INSERT INTO `agencias` VALUES (1009,8486,'porto alegre 1','M','2025-12-08 02:35:57',NULL),(1141,8487,'campo limpo','M','2025-12-08 02:35:59',NULL),(1233,8486,'parana 1','M','2025-12-08 02:35:57',NULL),(1234,8487,'faria lima 1','M','2025-12-08 02:35:59',NULL),(1267,8487,'faria lima 2','M','2025-12-08 02:35:59',NULL),(3345,8486,'Curitiba 2','M','2025-12-08 02:35:57',NULL),(3346,8486,'porto alegre 2','M','2025-12-08 05:35:57',NULL),(3347,8486,'parana 2','M','2025-12-08 05:35:57',NULL),(3348,8487,'faria lima 3','M','2025-12-08 05:35:59',NULL),(3349,8487,'butanta 1','M','2025-12-08 05:35:59',NULL),(3350,8488,'santana','M','2025-12-08 05:36:00',NULL),(3351,8488,'tucuruvi','M','2025-12-08 05:36:00',NULL),(3352,8488,'vila maria','M','2025-12-08 05:36:00',NULL),(3353,8488,'tatuape','M','2025-12-08 05:36:00',NULL),(3354,8488,'mooca','M','2025-12-08 05:36:00',NULL),(3355,8489,'campinas centro','M','2025-12-08 05:36:00',NULL),(3356,8489,'ribeirao preto 1','M','2025-12-08 05:36:00',NULL),(3357,8489,'ribeirao preto 2','M','2025-12-08 05:36:00',NULL),(3358,8489,'sao jose rio preto','M','2025-12-08 05:36:00',NULL),(3359,8489,'piracicaba','M','2025-12-08 05:36:00',NULL),(3360,8490,'sorocaba centro','M','2025-12-08 05:36:00',NULL),(3361,8490,'jundiai 1','M','2025-12-08 05:36:00',NULL),(3362,8490,'jundiai 2','M','2025-12-08 05:36:00',NULL),(3363,8490,'santos 1','M','2025-12-08 05:36:00',NULL),(3364,8490,'santos 2','M','2025-12-08 05:36:00',NULL);
/*!40000 ALTER TABLE `agencias` ENABLE KEYS */;
UNLOCK TABLES;

--
-- Table structure for table `cargos`
--

DROP TABLE IF EXISTS `cargos`;
/*!40101 SET @saved_cs_client     = @@character_set_client */;
/*!50503 SET character_set_client = utf8mb4 */;
CREATE TABLE `cargos` (
  `id` int(10) unsigned NOT NULL AUTO_INCREMENT,
  `nome` varchar(255) COLLATE utf8_unicode_ci NOT NULL,
  `created_at` timestamp NOT NULL DEFAULT CURRENT_TIMESTAMP,
  `updated_at` timestamp NULL DEFAULT NULL ON UPDATE CURRENT_TIMESTAMP,
  PRIMARY KEY (`id`),
  UNIQUE KEY `nome` (`nome`)
) ENGINE=InnoDB AUTO_INCREMENT=13 DEFAULT CHARSET=utf8 COLLATE=utf8_unicode_ci;
/*!40101 SET character_set_client = @saved_cs_client */;

--
-- Dumping data for table `cargos`
--

LOCK TABLES `cargos` WRITE;
/*!40000 ALTER TABLE `cargos` DISABLE KEYS */;
INSERT INTO `cargos` VALUES (1,'Diretor','2025-11-25 05:02:31','2025-11-25 05:02:36'),(2,'Regional','2025-11-25 05:02:31',NULL),(3,'Gerente de Gestao','2025-11-25 05:02:31',NULL),(4,'Gerente','2025-11-25 05:02:31',NULL),(5,'Superintendente','2025-12-06 20:56:13',NULL),(6,'Coordenador','2025-12-06 20:56:13',NULL),(7,'Analista','2025-12-06 20:56:13',NULL),(8,'Assistente','2025-12-06 20:56:13',NULL),(9,'Supervisor','2025-12-06 20:56:13',NULL),(10,'Especialista','2025-12-06 20:56:13',NULL),(11,'Consultor','2025-12-06 20:56:13',NULL),(12,'Executivo','2025-12-06 20:56:13',NULL);
/*!40000 ALTER TABLE `cargos` ENABLE KEYS */;
UNLOCK TABLES;

--
-- Table structure for table `d_calendario`
--

DROP TABLE IF EXISTS `d_calendario`;
/*!40101 SET @saved_cs_client     = @@character_set_client */;
/*!50503 SET character_set_client = utf8mb4 */;
CREATE TABLE `d_calendario` (
  `data` date NOT NULL,
  `ano` int(11) NOT NULL,
  `mes` tinyint(4) NOT NULL,
  `mes_nome` varchar(20) COLLATE utf8_unicode_ci NOT NULL,
  `dia` tinyint(4) NOT NULL,
  `dia_da_semana` varchar(20) COLLATE utf8_unicode_ci NOT NULL,
  `semana` tinyint(4) NOT NULL,
  `trimestre` tinyint(4) NOT NULL,
  `semestre` tinyint(4) NOT NULL,
  `eh_dia_util` tinyint(1) NOT NULL,
  PRIMARY KEY (`data`),
  KEY `idx_d_calendario_mes` (`ano`,`mes`)
) ENGINE=InnoDB DEFAULT CHARSET=utf8 COLLATE=utf8_unicode_ci;
/*!40101 SET character_set_client = @saved_cs_client */;

--
-- Dumping data for table `d_calendario`
--

LOCK TABLES `d_calendario` WRITE;
/*!40000 ALTER TABLE `d_calendario` DISABLE KEYS */;
INSERT INTO `d_calendario` VALUES ('2025-01-01',2025,1,'Janeiro',1,'quarta-feira',2,1,1,0),('2025-01-02',2025,1,'Janeiro',2,'quinta-feira',2,1,1,1),('2025-01-03',2025,1,'Janeiro',3,'sexta-feira',2,1,1,1),('2025-01-04',2025,1,'Janeiro',4,'sábado',2,1,1,0),('2025-01-05',2025,1,'Janeiro',5,'domingo',2,1,1,0),('2025-01-06',2025,1,'Janeiro',6,'segunda-feira',3,1,1,1),('2025-01-07',2025,1,'Janeiro',7,'terça-feira',3,1,1,1),('2025-01-08',2025,1,'Janeiro',8,'quarta-feira',3,1,1,1),('2025-01-09',2025,1,'Janeiro',9,'quinta-feira',3,1,1,1),('2025-01-10',2025,1,'Janeiro',10,'sexta-feira',3,1,1,1),('2025-01-11',2025,1,'Janeiro',11,'sábado',3,1,1,0),('2025-01-12',2025,1,'Janeiro',12,'domingo',3,1,1,0),('2025-01-13',2025,1,'Janeiro',13,'segunda-feira',4,1,1,1),('2025-01-14',2025,1,'Janeiro',14,'terça-feira',4,1,1,1),('2025-01-15',2025,1,'Janeiro',15,'quarta-feira',4,1,1,1),('2025-01-16',2025,1,'Janeiro',16,'quinta-feira',4,1,1,1),('2025-01-17',2025,1,'Janeiro',17,'sexta-feira',4,1,1,1),('2025-01-18',2025,1,'Janeiro',18,'sábado',4,1,1,0),('2025-01-19',2025,1,'Janeiro',19,'domingo',4,1,1,0),('2025-01-20',2025,1,'Janeiro',20,'segunda-feira',5,1,1,1),('2025-01-21',2025,1,'Janeiro',21,'terça-feira',5,1,1,1),('2025-01-22',2025,1,'Janeiro',22,'quarta-feira',5,1,1,1),('2025-01-23',2025,1,'Janeiro',23,'quinta-feira',5,1,1,1),('2025-01-24',2025,1,'Janeiro',24,'sexta-feira',5,1,1,1),('2025-01-25',2025,1,'Janeiro',25,'sábado',5,1,1,0),('2025-01-26',2025,1,'Janeiro',26,'domingo',5,1,1,0),('2025-01-27',2025,1,'Janeiro',27,'segunda-feira',6,1,1,1),('2025-01-28',2025,1,'Janeiro',28,'terça-feira',6,1,1,1),('2025-01-29',2025,1,'Janeiro',29,'quarta-feira',6,1,1,1),('2025-01-30',2025,1,'Janeiro',30,'quinta-feira',6,1,1,1),('2025-01-31',2025,1,'Janeiro',31,'sexta-feira',6,1,1,1),('2025-02-01',2025,2,'Fevereiro',1,'sábado',7,1,1,0),('2025-02-02',2025,2,'Fevereiro',2,'domingo',7,1,1,0),('2025-02-03',2025,2,'Fevereiro',3,'segunda-feira',8,1,1,1),('2025-02-04',2025,2,'Fevereiro',4,'terça-feira',8,1,1,1),('2025-02-05',2025,2,'Fevereiro',5,'quarta-feira',8,1,1,1),('2025-02-06',2025,2,'Fevereiro',6,'quinta-feira',8,1,1,1),('2025-02-07',2025,2,'Fevereiro',7,'sexta-feira',8,1,1,1),('2025-02-08',2025,2,'Fevereiro',8,'sábado',8,1,1,0),('2025-02-09',2025,2,'Fevereiro',9,'domingo',8,1,1,0),('2025-02-10',2025,2,'Fevereiro',10,'segunda-feira',9,1,1,1),('2025-02-11',2025,2,'Fevereiro',11,'terça-feira',9,1,1,1),('2025-02-12',2025,2,'Fevereiro',12,'quarta-feira',9,1,1,1),('2025-02-13',2025,2,'Fevereiro',13,'quinta-feira',9,1,1,1),('2025-02-14',2025,2,'Fevereiro',14,'sexta-feira',9,1,1,1),('2025-02-15',2025,2,'Fevereiro',15,'sábado',9,1,1,0),('2025-02-16',2025,2,'Fevereiro',16,'domingo',9,1,1,0),('2025-02-17',2025,2,'Fevereiro',17,'segunda-feira',10,1,1,1),('2025-02-18',2025,2,'Fevereiro',18,'terça-feira',10,1,1,1),('2025-02-19',2025,2,'Fevereiro',19,'quarta-feira',10,1,1,1),('2025-02-20',2025,2,'Fevereiro',20,'quinta-feira',10,1,1,1),('2025-02-21',2025,2,'Fevereiro',21,'sexta-feira',10,1,1,1),('2025-02-22',2025,2,'Fevereiro',22,'sábado',10,1,1,0),('2025-02-23',2025,2,'Fevereiro',23,'domingo',10,1,1,0),('2025-02-24',2025,2,'Fevereiro',24,'segunda-feira',11,1,1,1),('2025-02-25',2025,2,'Fevereiro',25,'terça-feira',11,1,1,1),('2025-02-26',2025,2,'Fevereiro',26,'quarta-feira',11,1,1,1),('2025-02-27',2025,2,'Fevereiro',27,'quinta-feira',11,1,1,1),('2025-02-28',2025,2,'Fevereiro',28,'sexta-feira',11,1,1,1),('2025-03-01',2025,3,'Março',1,'sábado',12,1,1,0),('2025-03-02',2025,3,'Março',2,'domingo',12,1,1,0),('2025-03-03',2025,3,'Março',3,'segunda-feira',13,1,1,1),('2025-03-04',2025,3,'Março',4,'terça-feira',13,1,1,1),('2025-03-05',2025,3,'Março',5,'quarta-feira',13,1,1,1),('2025-03-06',2025,3,'Março',6,'quinta-feira',13,1,1,1),('2025-03-07',2025,3,'Março',7,'sexta-feira',13,1,1,1),('2025-03-08',2025,3,'Março',8,'sábado',13,1,1,0),('2025-03-09',2025,3,'Março',9,'domingo',13,1,1,0),('2025-03-10',2025,3,'Março',10,'segunda-feira',14,1,1,1),('2025-03-11',2025,3,'Março',11,'terça-feira',14,1,1,1),('2025-03-12',2025,3,'Março',12,'quarta-feira',14,1,1,1),('2025-03-13',2025,3,'Março',13,'quinta-feira',14,1,1,1),('2025-03-14',2025,3,'Março',14,'sexta-feira',14,1,1,1),('2025-03-15',2025,3,'Março',15,'sábado',14,1,1,0),('2025-03-16',2025,3,'Março',16,'domingo',14,1,1,0),('2025-03-17',2025,3,'Março',17,'segunda-feira',15,1,1,1),('2025-03-18',2025,3,'Março',18,'terça-feira',15,1,1,1),('2025-03-19',2025,3,'Março',19,'quarta-feira',15,1,1,1),('2025-03-20',2025,3,'Março',20,'quinta-feira',15,1,1,1),('2025-03-21',2025,3,'Março',21,'sexta-feira',15,1,1,1),('2025-03-22',2025,3,'Março',22,'sábado',15,1,1,0),('2025-03-23',2025,3,'Março',23,'domingo',15,1,1,0),('2025-03-24',2025,3,'Março',24,'segunda-feira',16,1,1,1),('2025-03-25',2025,3,'Março',25,'terça-feira',16,1,1,1),('2025-03-26',2025,3,'Março',26,'quarta-feira',16,1,1,1),('2025-03-27',2025,3,'Março',27,'quinta-feira',16,1,1,1),('2025-03-28',2025,3,'Março',28,'sexta-feira',16,1,1,1),('2025-03-29',2025,3,'Março',29,'sábado',16,1,1,0),('2025-03-30',2025,3,'Março',30,'domingo',16,1,1,0),('2025-03-31',2025,3,'Março',31,'segunda-feira',17,1,1,1),('2025-04-01',2025,4,'Abril',1,'terça-feira',18,2,1,1),('2025-04-02',2025,4,'Abril',2,'quarta-feira',18,2,1,1),('2025-04-03',2025,4,'Abril',3,'quinta-feira',18,2,1,1),('2025-04-04',2025,4,'Abril',4,'sexta-feira',18,2,1,1),('2025-04-05',2025,4,'Abril',5,'sábado',18,2,1,0),('2025-04-06',2025,4,'Abril',6,'domingo',18,2,1,0),('2025-04-07',2025,4,'Abril',7,'segunda-feira',19,2,1,1),('2025-04-08',2025,4,'Abril',8,'terça-feira',19,2,1,1),('2025-04-09',2025,4,'Abril',9,'quarta-feira',19,2,1,1),('2025-04-10',2025,4,'Abril',10,'quinta-feira',19,2,1,1),('2025-04-11',2025,4,'Abril',11,'sexta-feira',19,2,1,1),('2025-04-12',2025,4,'Abril',12,'sábado',19,2,1,0),('2025-04-13',2025,4,'Abril',13,'domingo',19,2,1,0),('2025-04-14',2025,4,'Abril',14,'segunda-feira',20,2,1,1),('2025-04-15',2025,4,'Abril',15,'terça-feira',20,2,1,1),('2025-04-16',2025,4,'Abril',16,'quarta-feira',20,2,1,1),('2025-04-17',2025,4,'Abril',17,'quinta-feira',20,2,1,1),('2025-04-18',2025,4,'Abril',18,'sexta-feira',20,2,1,0),('2025-04-19',2025,4,'Abril',19,'sábado',20,2,1,0),('2025-04-20',2025,4,'Abril',20,'domingo',20,2,1,0),('2025-04-21',2025,4,'Abril',21,'segunda-feira',21,2,1,0),('2025-04-22',2025,4,'Abril',22,'terça-feira',21,2,1,1),('2025-04-23',2025,4,'Abril',23,'quarta-feira',21,2,1,1),('2025-04-24',2025,4,'Abril',24,'quinta-feira',21,2,1,1),('2025-04-25',2025,4,'Abril',25,'sexta-feira',21,2,1,1),('2025-04-26',2025,4,'Abril',26,'sábado',21,2,1,0),('2025-04-27',2025,4,'Abril',27,'domingo',21,2,1,0),('2025-04-28',2025,4,'Abril',28,'segunda-feira',22,2,1,1),('2025-04-29',2025,4,'Abril',29,'terça-feira',22,2,1,1),('2025-04-30',2025,4,'Abril',30,'quarta-feira',22,2,1,1),('2025-05-01',2025,5,'Maio',1,'quinta-feira',23,2,1,0),('2025-05-02',2025,5,'Maio',2,'sexta-feira',23,2,1,1),('2025-05-03',2025,5,'Maio',3,'sábado',23,2,1,0),('2025-05-04',2025,5,'Maio',4,'domingo',23,2,1,0),('2025-05-05',2025,5,'Maio',5,'segunda-feira',24,2,1,1),('2025-05-06',2025,5,'Maio',6,'terça-feira',24,2,1,1),('2025-05-07',2025,5,'Maio',7,'quarta-feira',24,2,1,1),('2025-05-08',2025,5,'Maio',8,'quinta-feira',24,2,1,1),('2025-05-09',2025,5,'Maio',9,'sexta-feira',24,2,1,1),('2025-05-10',2025,5,'Maio',10,'sábado',24,2,1,0),('2025-05-11',2025,5,'Maio',11,'domingo',24,2,1,0),('2025-05-12',2025,5,'Maio',12,'segunda-feira',25,2,1,1),('2025-05-13',2025,5,'Maio',13,'terça-feira',25,2,1,1),('2025-05-14',2025,5,'Maio',14,'quarta-feira',25,2,1,1),('2025-05-15',2025,5,'Maio',15,'quinta-feira',25,2,1,1),('2025-05-16',2025,5,'Maio',16,'sexta-feira',25,2,1,1),('2025-05-17',2025,5,'Maio',17,'sábado',25,2,1,0),('2025-05-18',2025,5,'Maio',18,'domingo',25,2,1,0),('2025-05-19',2025,5,'Maio',19,'segunda-feira',26,2,1,1),('2025-05-20',2025,5,'Maio',20,'terça-feira',26,2,1,1),('2025-05-21',2025,5,'Maio',21,'quarta-feira',26,2,1,1),('2025-05-22',2025,5,'Maio',22,'quinta-feira',26,2,1,1),('2025-05-23',2025,5,'Maio',23,'sexta-feira',26,2,1,1),('2025-05-24',2025,5,'Maio',24,'sábado',26,2,1,0),('2025-05-25',2025,5,'Maio',25,'domingo',26,2,1,0),('2025-05-26',2025,5,'Maio',26,'segunda-feira',27,2,1,1),('2025-05-27',2025,5,'Maio',27,'terça-feira',27,2,1,1),('2025-05-28',2025,5,'Maio',28,'quarta-feira',27,2,1,1),('2025-05-29',2025,5,'Maio',29,'quinta-feira',27,2,1,1),('2025-05-30',2025,5,'Maio',30,'sexta-feira',27,2,1,1),('2025-05-31',2025,5,'Maio',31,'sábado',27,2,1,0),('2025-06-01',2025,6,'Junho',1,'domingo',28,2,1,0),('2025-06-02',2025,6,'Junho',2,'segunda-feira',29,2,1,1),('2025-06-03',2025,6,'Junho',3,'terça-feira',29,2,1,1),('2025-06-04',2025,6,'Junho',4,'quarta-feira',29,2,1,1),('2025-06-05',2025,6,'Junho',5,'quinta-feira',29,2,1,1),('2025-06-06',2025,6,'Junho',6,'sexta-feira',29,2,1,1),('2025-06-07',2025,6,'Junho',7,'sábado',29,2,1,0),('2025-06-08',2025,6,'Junho',8,'domingo',29,2,1,0),('2025-06-09',2025,6,'Junho',9,'segunda-feira',30,2,1,1),('2025-06-10',2025,6,'Junho',10,'terça-feira',30,2,1,1),('2025-06-11',2025,6,'Junho',11,'quarta-feira',30,2,1,1),('2025-06-12',2025,6,'Junho',12,'quinta-feira',30,2,1,1),('2025-06-13',2025,6,'Junho',13,'sexta-feira',30,2,1,1),('2025-06-14',2025,6,'Junho',14,'sábado',30,2,1,0),('2025-06-15',2025,6,'Junho',15,'domingo',30,2,1,0),('2025-06-16',2025,6,'Junho',16,'segunda-feira',31,2,1,1),('2025-06-17',2025,6,'Junho',17,'terça-feira',31,2,1,1),('2025-06-18',2025,6,'Junho',18,'quarta-feira',31,2,1,1),('2025-06-19',2025,6,'Junho',19,'quinta-feira',31,2,1,0),('2025-06-20',2025,6,'Junho',20,'sexta-feira',31,2,1,1),('2025-06-21',2025,6,'Junho',21,'sábado',31,2,1,0),('2025-06-22',2025,6,'Junho',22,'domingo',31,2,1,0),('2025-06-23',2025,6,'Junho',23,'segunda-feira',32,2,1,1),('2025-06-24',2025,6,'Junho',24,'terça-feira',32,2,1,1),('2025-06-25',2025,6,'Junho',25,'quarta-feira',32,2,1,1),('2025-06-26',2025,6,'Junho',26,'quinta-feira',32,2,1,1),('2025-06-27',2025,6,'Junho',27,'sexta-feira',32,2,1,1),('2025-06-28',2025,6,'Junho',28,'sábado',32,2,1,0),('2025-06-29',2025,6,'Junho',29,'domingo',32,2,1,0),('2025-06-30',2025,6,'Junho',30,'segunda-feira',33,2,1,1),('2025-07-01',2025,7,'Julho',1,'terça-feira',34,3,2,1),('2025-07-02',2025,7,'Julho',2,'quarta-feira',34,3,2,1),('2025-07-03',2025,7,'Julho',3,'quinta-feira',34,3,2,1),('2025-07-04',2025,7,'Julho',4,'sexta-feira',34,3,2,1),('2025-07-05',2025,7,'Julho',5,'sábado',34,3,2,0),('2025-07-06',2025,7,'Julho',6,'domingo',34,3,2,0),('2025-07-07',2025,7,'Julho',7,'segunda-feira',35,3,2,1),('2025-07-08',2025,7,'Julho',8,'terça-feira',35,3,2,1),('2025-07-09',2025,7,'Julho',9,'quarta-feira',35,3,2,1),('2025-07-10',2025,7,'Julho',10,'quinta-feira',35,3,2,1),('2025-07-11',2025,7,'Julho',11,'sexta-feira',35,3,2,1),('2025-07-12',2025,7,'Julho',12,'sábado',35,3,2,0),('2025-07-13',2025,7,'Julho',13,'domingo',35,3,2,0),('2025-07-14',2025,7,'Julho',14,'segunda-feira',36,3,2,1),('2025-07-15',2025,7,'Julho',15,'terça-feira',36,3,2,1),('2025-07-16',2025,7,'Julho',16,'quarta-feira',36,3,2,1),('2025-07-17',2025,7,'Julho',17,'quinta-feira',36,3,2,1),('2025-07-18',2025,7,'Julho',18,'sexta-feira',36,3,2,1),('2025-07-19',2025,7,'Julho',19,'sábado',36,3,2,0),('2025-07-20',2025,7,'Julho',20,'domingo',36,3,2,0),('2025-07-21',2025,7,'Julho',21,'segunda-feira',37,3,2,1),('2025-07-22',2025,7,'Julho',22,'terça-feira',37,3,2,1),('2025-07-23',2025,7,'Julho',23,'quarta-feira',37,3,2,1),('2025-07-24',2025,7,'Julho',24,'quinta-feira',37,3,2,1),('2025-07-25',2025,7,'Julho',25,'sexta-feira',37,3,2,1),('2025-07-26',2025,7,'Julho',26,'sábado',37,3,2,0),('2025-07-27',2025,7,'Julho',27,'domingo',37,3,2,0),('2025-07-28',2025,7,'Julho',28,'segunda-feira',38,3,2,1),('2025-07-29',2025,7,'Julho',29,'terça-feira',38,3,2,1),('2025-07-30',2025,7,'Julho',30,'quarta-feira',38,3,2,1),('2025-07-31',2025,7,'Julho',31,'quinta-feira',38,3,2,1),('2025-08-01',2025,8,'Agosto',1,'sexta-feira',39,3,2,1),('2025-08-02',2025,8,'Agosto',2,'sábado',39,3,2,0),('2025-08-03',2025,8,'Agosto',3,'domingo',39,3,2,0),('2025-08-04',2025,8,'Agosto',4,'segunda-feira',40,3,2,1),('2025-08-05',2025,8,'Agosto',5,'terça-feira',40,3,2,1),('2025-08-06',2025,8,'Agosto',6,'quarta-feira',40,3,2,1),('2025-08-07',2025,8,'Agosto',7,'quinta-feira',40,3,2,1),('2025-08-08',2025,8,'Agosto',8,'sexta-feira',40,3,2,1),('2025-08-09',2025,8,'Agosto',9,'sábado',40,3,2,0),('2025-08-10',2025,8,'Agosto',10,'domingo',40,3,2,0),('2025-08-11',2025,8,'Agosto',11,'segunda-feira',41,3,2,1),('2025-08-12',2025,8,'Agosto',12,'terça-feira',41,3,2,1),('2025-08-13',2025,8,'Agosto',13,'quarta-feira',41,3,2,1),('2025-08-14',2025,8,'Agosto',14,'quinta-feira',41,3,2,1),('2025-08-15',2025,8,'Agosto',15,'sexta-feira',41,3,2,1),('2025-08-16',2025,8,'Agosto',16,'sábado',41,3,2,0),('2025-08-17',2025,8,'Agosto',17,'domingo',41,3,2,0),('2025-08-18',2025,8,'Agosto',18,'segunda-feira',42,3,2,1),('2025-08-19',2025,8,'Agosto',19,'terça-feira',42,3,2,1),('2025-08-20',2025,8,'Agosto',20,'quarta-feira',42,3,2,1),('2025-08-21',2025,8,'Agosto',21,'quinta-feira',42,3,2,1),('2025-08-22',2025,8,'Agosto',22,'sexta-feira',42,3,2,1),('2025-08-23',2025,8,'Agosto',23,'sábado',42,3,2,0),('2025-08-24',2025,8,'Agosto',24,'domingo',42,3,2,0),('2025-08-25',2025,8,'Agosto',25,'segunda-feira',43,3,2,1),('2025-08-26',2025,8,'Agosto',26,'terça-feira',43,3,2,1),('2025-08-27',2025,8,'Agosto',27,'quarta-feira',43,3,2,1),('2025-08-28',2025,8,'Agosto',28,'quinta-feira',43,3,2,1),('2025-08-29',2025,8,'Agosto',29,'sexta-feira',43,3,2,1),('2025-08-30',2025,8,'Agosto',30,'sábado',43,3,2,0),('2025-08-31',2025,8,'Agosto',31,'domingo',43,3,2,0),('2025-09-01',2025,9,'Setembro',1,'segunda-feira',44,3,2,1),('2025-09-02',2025,9,'Setembro',2,'terça-feira',44,3,2,1),('2025-09-03',2025,9,'Setembro',3,'quarta-feira',44,3,2,1),('2025-09-04',2025,9,'Setembro',4,'quinta-feira',44,3,2,1),('2025-09-05',2025,9,'Setembro',5,'sexta-feira',44,3,2,1),('2025-09-06',2025,9,'Setembro',6,'sábado',44,3,2,0),('2025-09-07',2025,9,'Setembro',7,'domingo',44,3,2,0),('2025-09-08',2025,9,'Setembro',8,'segunda-feira',45,3,2,1),('2025-09-09',2025,9,'Setembro',9,'terça-feira',45,3,2,1),('2025-09-10',2025,9,'Setembro',10,'quarta-feira',45,3,2,1),('2025-09-11',2025,9,'Setembro',11,'quinta-feira',45,3,2,1),('2025-09-12',2025,9,'Setembro',12,'sexta-feira',45,3,2,1),('2025-09-13',2025,9,'Setembro',13,'sábado',45,3,2,0),('2025-09-14',2025,9,'Setembro',14,'domingo',45,3,2,0),('2025-09-15',2025,9,'Setembro',15,'segunda-feira',46,3,2,1),('2025-09-16',2025,9,'Setembro',16,'terça-feira',46,3,2,1),('2025-09-17',2025,9,'Setembro',17,'quarta-feira',46,3,2,1),('2025-09-18',2025,9,'Setembro',18,'quinta-feira',46,3,2,1),('2025-09-19',2025,9,'Setembro',19,'sexta-feira',46,3,2,1),('2025-09-20',2025,9,'Setembro',20,'sábado',46,3,2,0),('2025-09-21',2025,9,'Setembro',21,'domingo',46,3,2,0),('2025-09-22',2025,9,'Setembro',22,'segunda-feira',47,3,2,1),('2025-09-23',2025,9,'Setembro',23,'terça-feira',47,3,2,1),('2025-09-24',2025,9,'Setembro',24,'quarta-feira',47,3,2,1),('2025-09-25',2025,9,'Setembro',25,'quinta-feira',47,3,2,1),('2025-09-26',2025,9,'Setembro',26,'sexta-feira',47,3,2,1),('2025-09-27',2025,9,'Setembro',27,'sábado',47,3,2,0),('2025-09-28',2025,9,'Setembro',28,'domingo',47,3,2,0),('2025-09-29',2025,9,'Setembro',29,'segunda-feira',48,3,2,1),('2025-09-30',2025,9,'Setembro',30,'terça-feira',48,3,2,1),('2025-10-01',2025,10,'Outubro',1,'quarta-feira',49,4,2,1),('2025-10-02',2025,10,'Outubro',2,'quinta-feira',49,4,2,1),('2025-10-03',2025,10,'Outubro',3,'sexta-feira',49,4,2,1),('2025-10-04',2025,10,'Outubro',4,'sábado',49,4,2,0),('2025-10-05',2025,10,'Outubro',5,'domingo',49,4,2,0),('2025-10-06',2025,10,'Outubro',6,'segunda-feira',50,4,2,1),('2025-10-07',2025,10,'Outubro',7,'terça-feira',50,4,2,1),('2025-10-08',2025,10,'Outubro',8,'quarta-feira',50,4,2,1),('2025-10-09',2025,10,'Outubro',9,'quinta-feira',50,4,2,1),('2025-10-10',2025,10,'Outubro',10,'sexta-feira',50,4,2,1),('2025-10-11',2025,10,'Outubro',11,'sábado',50,4,2,0),('2025-10-12',2025,10,'Outubro',12,'domingo',50,4,2,0),('2025-10-13',2025,10,'Outubro',13,'segunda-feira',51,4,2,1),('2025-10-14',2025,10,'Outubro',14,'terça-feira',51,4,2,1),('2025-10-15',2025,10,'Outubro',15,'quarta-feira',51,4,2,1),('2025-10-16',2025,10,'Outubro',16,'quinta-feira',51,4,2,1),('2025-10-17',2025,10,'Outubro',17,'sexta-feira',51,4,2,1),('2025-10-18',2025,10,'Outubro',18,'sábado',51,4,2,0),('2025-10-19',2025,10,'Outubro',19,'domingo',51,4,2,0),('2025-10-20',2025,10,'Outubro',20,'segunda-feira',52,4,2,1),('2025-10-21',2025,10,'Outubro',21,'terça-feira',52,4,2,1),('2025-10-22',2025,10,'Outubro',22,'quarta-feira',52,4,2,1),('2025-10-23',2025,10,'Outubro',23,'quinta-feira',52,4,2,1),('2025-10-24',2025,10,'Outubro',24,'sexta-feira',52,4,2,1),('2025-10-25',2025,10,'Outubro',25,'sábado',52,4,2,0),('2025-10-26',2025,10,'Outubro',26,'domingo',52,4,2,0),('2025-10-27',2025,10,'Outubro',27,'segunda-feira',53,4,2,1),('2025-10-28',2025,10,'Outubro',28,'terça-feira',53,4,2,1),('2025-10-29',2025,10,'Outubro',29,'quarta-feira',53,4,2,1),('2025-10-30',2025,10,'Outubro',30,'quinta-feira',53,4,2,1),('2025-10-31',2025,10,'Outubro',31,'sexta-feira',53,4,2,1),('2025-11-01',2025,11,'Novembro',1,'sábado',54,4,2,0),('2025-11-02',2025,11,'Novembro',2,'domingo',54,4,2,0),('2025-11-03',2025,11,'Novembro',3,'segunda-feira',55,4,2,1),('2025-11-04',2025,11,'Novembro',4,'terça-feira',55,4,2,1),('2025-11-05',2025,11,'Novembro',5,'quarta-feira',55,4,2,1),('2025-11-06',2025,11,'Novembro',6,'quinta-feira',55,4,2,1),('2025-11-07',2025,11,'Novembro',7,'sexta-feira',55,4,2,1),('2025-11-08',2025,11,'Novembro',8,'sábado',55,4,2,0),('2025-11-09',2025,11,'Novembro',9,'domingo',55,4,2,0),('2025-11-10',2025,11,'Novembro',10,'segunda-feira',56,4,2,1),('2025-11-11',2025,11,'Novembro',11,'terça-feira',56,4,2,1),('2025-11-12',2025,11,'Novembro',12,'quarta-feira',56,4,2,1),('2025-11-13',2025,11,'Novembro',13,'quinta-feira',56,4,2,1),('2025-11-14',2025,11,'Novembro',14,'sexta-feira',56,4,2,1),('2025-11-15',2025,11,'Novembro',15,'sábado',56,4,2,0),('2025-11-16',2025,11,'Novembro',16,'domingo',56,4,2,0),('2025-11-17',2025,11,'Novembro',17,'segunda-feira',57,4,2,1),('2025-11-18',2025,11,'Novembro',18,'terça-feira',57,4,2,1),('2025-11-19',2025,11,'Novembro',19,'quarta-feira',57,4,2,1),('2025-11-20',2025,11,'Novembro',20,'quinta-feira',57,4,2,0),('2025-11-21',2025,11,'Novembro',21,'sexta-feira',57,4,2,1),('2025-11-22',2025,11,'Novembro',22,'sábado',57,4,2,0),('2025-11-23',2025,11,'Novembro',23,'domingo',57,4,2,0),('2025-11-24',2025,11,'Novembro',24,'segunda-feira',58,4,2,1),('2025-11-25',2025,11,'Novembro',25,'terça-feira',58,4,2,1),('2025-11-26',2025,11,'Novembro',26,'quarta-feira',58,4,2,1),('2025-11-27',2025,11,'Novembro',27,'quinta-feira',58,4,2,1),('2025-11-28',2025,11,'Novembro',28,'sexta-feira',58,4,2,1),('2025-11-29',2025,11,'Novembro',29,'sábado',58,4,2,0),('2025-11-30',2025,11,'Novembro',30,'domingo',58,4,2,0),('2025-12-01',2025,12,'Dezembro',1,'segunda-feira',59,4,2,1),('2025-12-02',2025,12,'Dezembro',2,'terça-feira',59,4,2,1),('2025-12-03',2025,12,'Dezembro',3,'quarta-feira',59,4,2,1),('2025-12-04',2025,12,'Dezembro',4,'quinta-feira',59,4,2,1),('2025-12-05',2025,12,'Dezembro',5,'sexta-feira',59,4,2,1),('2025-12-06',2025,12,'Dezembro',6,'sábado',59,4,2,0),('2025-12-07',2025,12,'Dezembro',7,'domingo',59,4,2,0),('2025-12-08',2025,12,'Dezembro',8,'segunda-feira',60,4,2,1),('2025-12-09',2025,12,'Dezembro',9,'terça-feira',60,4,2,1),('2025-12-10',2025,12,'Dezembro',10,'quarta-feira',60,4,2,1),('2025-12-11',2025,12,'Dezembro',11,'quinta-feira',60,4,2,1),('2025-12-12',2025,12,'Dezembro',12,'sexta-feira',60,4,2,1),('2025-12-13',2025,12,'Dezembro',13,'sábado',60,4,2,0),('2025-12-14',2025,12,'Dezembro',14,'domingo',60,4,2,0),('2025-12-15',2025,12,'Dezembro',15,'segunda-feira',61,4,2,1),('2025-12-16',2025,12,'Dezembro',16,'terça-feira',61,4,2,1),('2025-12-17',2025,12,'Dezembro',17,'quarta-feira',61,4,2,1),('2025-12-18',2025,12,'Dezembro',18,'quinta-feira',61,4,2,1),('2025-12-19',2025,12,'Dezembro',19,'sexta-feira',61,4,2,1),('2025-12-20',2025,12,'Dezembro',20,'sábado',61,4,2,0),('2025-12-21',2025,12,'Dezembro',21,'domingo',61,4,2,0),('2025-12-22',2025,12,'Dezembro',22,'segunda-feira',62,4,2,1),('2025-12-23',2025,12,'Dezembro',23,'terça-feira',62,4,2,1),('2025-12-24',2025,12,'Dezembro',24,'quarta-feira',62,4,2,1),('2025-12-25',2025,12,'Dezembro',25,'quinta-feira',62,4,2,0),('2025-12-26',2025,12,'Dezembro',26,'sexta-feira',62,4,2,1),('2025-12-27',2025,12,'Dezembro',27,'sábado',62,4,2,0),('2025-12-28',2025,12,'Dezembro',28,'domingo',62,4,2,0),('2025-12-29',2025,12,'Dezembro',29,'segunda-feira',63,4,2,1),('2025-12-30',2025,12,'Dezembro',30,'terça-feira',63,4,2,1),('2025-12-31',2025,12,'Dezembro',31,'quarta-feira',63,4,2,1);
/*!40000 ALTER TABLE `d_calendario` ENABLE KEYS */;
UNLOCK TABLES;

--
-- Table structure for table `d_estrutura`
--

DROP TABLE IF EXISTS `d_estrutura`;
/*!40101 SET @saved_cs_client     = @@character_set_client */;
/*!50503 SET character_set_client = utf8mb4 */;
CREATE TABLE `d_estrutura` (
  `id` bigint(20) unsigned NOT NULL AUTO_INCREMENT,
  `funcional` varchar(20) COLLATE utf8_unicode_ci NOT NULL,
  `nome` varchar(255) COLLATE utf8_unicode_ci NOT NULL,
  `cargo_id` int(10) unsigned NOT NULL,
  `segmento_id` int(10) unsigned DEFAULT NULL,
  `diretoria_id` int(10) unsigned DEFAULT NULL,
  `regional_id` int(10) unsigned DEFAULT NULL,
  `agencia_id` int(10) unsigned DEFAULT NULL,
  `created_at` timestamp NOT NULL DEFAULT CURRENT_TIMESTAMP,
  `updated_at` timestamp NULL DEFAULT NULL ON UPDATE CURRENT_TIMESTAMP,
  `grupo_id` int(10) unsigned DEFAULT NULL,
  PRIMARY KEY (`id`),
  UNIQUE KEY `funcional` (`funcional`),
  KEY `fk_estrutura_cargo` (`cargo_id`),
  KEY `fk_estrutura_segmento` (`segmento_id`),
  KEY `fk_estrutura_diretoria` (`diretoria_id`),
  KEY `fk_estrutura_regional` (`regional_id`),
  KEY `fk_estrutura_agencia` (`agencia_id`),
  KEY `fk_estrutura_grupo` (`grupo_id`),
  CONSTRAINT `fk_estrutura_agencia` FOREIGN KEY (`agencia_id`) REFERENCES `agencias` (`id`),
  CONSTRAINT `fk_estrutura_cargo` FOREIGN KEY (`cargo_id`) REFERENCES `cargos` (`id`),
  CONSTRAINT `fk_estrutura_diretoria` FOREIGN KEY (`diretoria_id`) REFERENCES `diretorias` (`id`),
  CONSTRAINT `fk_estrutura_grupo` FOREIGN KEY (`grupo_id`) REFERENCES `grupos` (`id`) ON DELETE SET NULL ON UPDATE CASCADE,
  CONSTRAINT `fk_estrutura_regional` FOREIGN KEY (`regional_id`) REFERENCES `regionais` (`id`),
  CONSTRAINT `fk_estrutura_segmento` FOREIGN KEY (`segmento_id`) REFERENCES `segmentos` (`id`)
) ENGINE=InnoDB AUTO_INCREMENT=152 DEFAULT CHARSET=utf8 COLLATE=utf8_unicode_ci;
/*!40101 SET character_set_client = @saved_cs_client */;

--
-- Dumping data for table `d_estrutura`
--

LOCK TABLES `d_estrutura` WRITE;
/*!40000 ALTER TABLE `d_estrutura` DISABLE KEYS */;
INSERT INTO `d_estrutura` VALUES (116,'I020219','andre gestor',3,1,8607,8486,1009,'2025-12-08 02:45:08',NULL,NULL),(117,'G123456','Pedro gerente',4,1,8607,8486,1009,'2025-12-08 02:45:08',NULL,NULL),(118,'G987654','Maria gerente',4,1,8607,8486,1009,'2025-12-08 02:45:08',NULL,NULL),(119,'G887766','Carla gerente',4,1,8607,8486,1009,'2025-12-08 02:45:08',NULL,NULL),(120,'I020220','Marcio gestor',3,1,8607,8486,1233,'2025-12-08 02:45:11',NULL,NULL),(121,'G99999','henrique gerente',4,1,8607,8486,1233,'2025-12-08 02:45:11',NULL,NULL),(122,'G88888','Bruno gerente',4,1,8607,8486,1233,'2025-12-08 02:45:11',NULL,NULL),(123,'G77777','cristian gerente',4,1,8607,8486,1233,'2025-12-08 02:45:11',NULL,NULL),(124,'I020230','Giseli gestora',3,1,8607,8486,3345,'2025-12-08 02:45:14',NULL,NULL),(125,'G66666','Andreia gerente',4,1,8607,8486,3345,'2025-12-08 02:45:14',NULL,NULL),(126,'G55555','Jaqueline gerente',4,1,8607,8486,3345,'2025-12-08 02:45:14',NULL,NULL),(127,'I020240','João gestor',3,1,8607,8487,1141,'2025-12-08 02:45:17',NULL,NULL),(128,'G44444','Marcela gerente',4,1,8607,8487,1141,'2025-12-08 02:45:17',NULL,NULL),(129,'G33333','Juliana gerente',4,1,8607,8487,1141,'2025-12-08 02:45:17',NULL,NULL),(130,'I020250','Alessandra gestora',3,1,8607,8487,1267,'2025-12-08 02:45:20',NULL,NULL),(131,'G22222','Ana gerente',4,1,8607,8487,1267,'2025-12-08 02:45:20',NULL,NULL),(132,'G11111','Lucas gerente',4,1,8607,8487,1267,'2025-12-08 02:45:20',NULL,NULL),(133,'I020260','alisson gestor',3,1,8607,8487,1234,'2025-12-08 02:45:21',NULL,NULL),(134,'G00000','cleber gerente',4,1,8607,8487,1234,'2025-12-08 02:45:21',NULL,NULL),(135,'G00001','Paulo gerente',4,1,8607,8486,1009,'2025-12-08 05:50:00',NULL,NULL),(136,'G00002','Renata gerente',4,1,8607,8486,1009,'2025-12-08 05:50:00',NULL,NULL),(137,'G00003','Tiago gerente',4,1,8607,8486,1233,'2025-12-08 05:50:00',NULL,NULL),(138,'G00004','Fernanda gerente',4,1,8607,8486,1233,'2025-12-08 05:50:00',NULL,NULL),(139,'G00005','Rafael gerente',4,1,8607,8486,3345,'2025-12-08 05:50:00',NULL,NULL),(140,'G00006','Patricia gerente',4,1,8607,8486,3345,'2025-12-08 05:50:00',NULL,NULL),(141,'G00007','Diego gerente',4,1,8607,8486,3345,'2025-12-08 05:50:00',NULL,NULL),(142,'G00008','Camila gerente',4,1,8607,8487,1141,'2025-12-08 05:50:00',NULL,NULL),(143,'G00009','Bruno gerente',4,1,8607,8487,1141,'2025-12-08 05:50:00',NULL,NULL),(144,'G00010','Luciana gerente',4,1,8607,8487,1141,'2025-12-08 05:50:00',NULL,NULL),(145,'G00011','Eduardo gerente',4,1,8607,8487,1267,'2025-12-08 05:50:00',NULL,NULL),(146,'G00012','Bianca gerente',4,1,8607,8487,1267,'2025-12-08 05:50:00',NULL,NULL),(147,'G00013','Rodrigo gerente',4,1,8607,8487,1267,'2025-12-08 05:50:00',NULL,NULL),(148,'G00014','Caroline gerente',4,1,8607,8487,1234,'2025-12-08 05:50:00',NULL,NULL),(149,'G00015','Felipe gerente',4,1,8607,8487,1234,'2025-12-08 05:50:00',NULL,NULL),(150,'G00016','Simone gerente',4,1,8607,8487,1234,'2025-12-08 05:50:00',NULL,NULL),(151,'G00017','Marcos gerente',4,1,8607,8487,1234,'2025-12-08 05:50:00',NULL,NULL);
/*!40000 ALTER TABLE `d_estrutura` ENABLE KEYS */;
UNLOCK TABLES;

--
-- Table structure for table `d_produtos`
--

DROP TABLE IF EXISTS `d_produtos`;
/*!40101 SET @saved_cs_client     = @@character_set_client */;
/*!50503 SET character_set_client = utf8mb4 */;
CREATE TABLE `d_produtos` (
  `id` int(11) NOT NULL AUTO_INCREMENT,
  `familia_id` int(11) NOT NULL,
  `indicador_id` int(11) NOT NULL,
  `subindicador_id` int(11) DEFAULT NULL,
  `peso` decimal(10,2) NOT NULL DEFAULT '0.00',
  `metrica` varchar(30) COLLATE utf8_unicode_ci NOT NULL DEFAULT 'valor',
  PRIMARY KEY (`id`),
  UNIQUE KEY `uq_indicador_sub` (`indicador_id`,`subindicador_id`),
  KEY `idx_familia` (`familia_id`),
  KEY `idx_indicador` (`indicador_id`),
  KEY `idx_subindicador` (`subindicador_id`),
  CONSTRAINT `d_produtos_ibfk_1` FOREIGN KEY (`familia_id`) REFERENCES `familia` (`id`),
  CONSTRAINT `d_produtos_ibfk_2` FOREIGN KEY (`indicador_id`) REFERENCES `indicador` (`id`),
  CONSTRAINT `d_produtos_ibfk_3` FOREIGN KEY (`subindicador_id`) REFERENCES `subindicador` (`id`)
) ENGINE=InnoDB AUTO_INCREMENT=11 DEFAULT CHARSET=utf8 COLLATE=utf8_unicode_ci;
/*!40101 SET character_set_client = @saved_cs_client */;

--
-- Dumping data for table `d_produtos`
--

LOCK TABLES `d_produtos` WRITE;
/*!40000 ALTER TABLE `d_produtos` DISABLE KEYS */;
INSERT INTO `d_produtos` VALUES (6,3,1,2,0.15,'valor'),(7,3,1,1,0.15,'valor'),(8,3,2,NULL,0.00,'valor'),(9,2,3,4,0.25,'valor'),(10,1,4,3,0.25,'Percentual');
/*!40000 ALTER TABLE `d_produtos` ENABLE KEYS */;
UNLOCK TABLES;

--
-- Table structure for table `d_status_indicadores`
--

DROP TABLE IF EXISTS `d_status_indicadores`;
/*!40101 SET @saved_cs_client     = @@character_set_client */;
/*!50503 SET character_set_client = utf8mb4 */;
CREATE TABLE `d_status_indicadores` (
  `id` varchar(20) COLLATE utf8_unicode_ci NOT NULL,
  `status` varchar(50) COLLATE utf8_unicode_ci NOT NULL,
  PRIMARY KEY (`id`),
  UNIQUE KEY `uq_d_status_nome` (`status`)
) ENGINE=InnoDB DEFAULT CHARSET=utf8 COLLATE=utf8_unicode_ci;
/*!40101 SET character_set_client = @saved_cs_client */;

--
-- Dumping data for table `d_status_indicadores`
--

LOCK TABLES `d_status_indicadores` WRITE;
/*!40000 ALTER TABLE `d_status_indicadores` DISABLE KEYS */;
INSERT INTO `d_status_indicadores` VALUES ('1','Atingido'),('2','Não Atingido'),('3','Todos');
/*!40000 ALTER TABLE `d_status_indicadores` ENABLE KEYS */;
UNLOCK TABLES;

--
-- Table structure for table `diretorias`
--

DROP TABLE IF EXISTS `diretorias`;
/*!40101 SET @saved_cs_client     = @@character_set_client */;
/*!50503 SET character_set_client = utf8mb4 */;
CREATE TABLE `diretorias` (
  `id` int(10) unsigned NOT NULL AUTO_INCREMENT,
  `segmento_id` int(10) unsigned NOT NULL,
  `nome` varchar(255) COLLATE utf8_unicode_ci NOT NULL,
  `created_at` timestamp NOT NULL DEFAULT CURRENT_TIMESTAMP,
  `updated_at` timestamp NULL DEFAULT NULL ON UPDATE CURRENT_TIMESTAMP,
  PRIMARY KEY (`id`),
  UNIQUE KEY `uq_diretoria_segmento_nome` (`segmento_id`,`nome`),
  CONSTRAINT `fk_diretorias_segmento` FOREIGN KEY (`segmento_id`) REFERENCES `segmentos` (`id`)
) ENGINE=InnoDB AUTO_INCREMENT=8608 DEFAULT CHARSET=utf8 COLLATE=utf8_unicode_ci;
/*!40101 SET character_set_client = @saved_cs_client */;

--
-- Dumping data for table `diretorias`
--

LOCK TABLES `diretorias` WRITE;
/*!40000 ALTER TABLE `diretorias` DISABLE KEYS */;
INSERT INTO `diretorias` VALUES (8607,1,'empresas','2025-12-08 02:35:56',NULL);
/*!40000 ALTER TABLE `diretorias` ENABLE KEYS */;
UNLOCK TABLES;

--
-- Table structure for table `f_campanhas`
--

DROP TABLE IF EXISTS `f_campanhas`;
/*!40101 SET @saved_cs_client     = @@character_set_client */;
/*!50503 SET character_set_client = utf8mb4 */;
CREATE TABLE `f_campanhas` (
  `campanha_id` varchar(60) COLLATE utf8_unicode_ci NOT NULL,
  `sprint_id` varchar(60) COLLATE utf8_unicode_ci NOT NULL,
  `diretoria_id` varchar(50) COLLATE utf8_unicode_ci NOT NULL,
  `diretoria_nome` varchar(150) COLLATE utf8_unicode_ci NOT NULL,
  `gerencia_regional_id` varchar(50) COLLATE utf8_unicode_ci NOT NULL,
  `regional_nome` varchar(150) COLLATE utf8_unicode_ci NOT NULL,
  `agencia_id` varchar(50) COLLATE utf8_unicode_ci NOT NULL,
  `agencia_nome` varchar(150) COLLATE utf8_unicode_ci NOT NULL,
  `gerente_gestao_id` varchar(50) COLLATE utf8_unicode_ci DEFAULT NULL,
  `gerente_gestao_nome` varchar(150) COLLATE utf8_unicode_ci DEFAULT NULL,
  `gerente_id` varchar(50) COLLATE utf8_unicode_ci DEFAULT NULL,
  `gerente_nome` varchar(150) COLLATE utf8_unicode_ci DEFAULT NULL,
  `segmento` varchar(100) COLLATE utf8_unicode_ci NOT NULL,
  `segmento_id` varchar(50) COLLATE utf8_unicode_ci NOT NULL,
  `familia_id` varchar(20) COLLATE utf8_unicode_ci NOT NULL,
  `id_indicador` varchar(80) COLLATE utf8_unicode_ci NOT NULL,
  `ds_indicador` varchar(150) COLLATE utf8_unicode_ci NOT NULL,
  `subproduto` varchar(150) COLLATE utf8_unicode_ci DEFAULT NULL,
  `id_subindicador` varchar(80) COLLATE utf8_unicode_ci NOT NULL DEFAULT '0',
  `carteira` varchar(150) COLLATE utf8_unicode_ci DEFAULT NULL,
  `linhas` decimal(18,2) DEFAULT NULL,
  `cash` decimal(18,2) DEFAULT NULL,
  `conquista` decimal(18,2) DEFAULT NULL,
  `atividade` varchar(100) COLLATE utf8_unicode_ci DEFAULT NULL,
  `data` date NOT NULL,
  `familia_codigo` varchar(20) COLLATE utf8_unicode_ci DEFAULT NULL,
  `indicador_codigo` varchar(20) COLLATE utf8_unicode_ci DEFAULT NULL,
  `subindicador_codigo` varchar(20) COLLATE utf8_unicode_ci DEFAULT NULL,
  PRIMARY KEY (`campanha_id`),
  KEY `idx_f_campanhas_data` (`data`),
  KEY `idx_f_campanhas_diretoria` (`diretoria_id`),
  KEY `idx_f_campanhas_gerencia` (`gerencia_regional_id`),
  KEY `idx_f_campanhas_indicador` (`id_indicador`),
  KEY `idx_f_campanhas_unidade` (`segmento_id`(20),`diretoria_id`(20),`gerencia_regional_id`(20),`agencia_id`(20)),
  KEY `fk_campanhas_produtos` (`id_indicador`,`id_subindicador`),
  CONSTRAINT `fk_campanhas_calendario_data` FOREIGN KEY (`data`) REFERENCES `d_calendario` (`data`)
) ENGINE=InnoDB DEFAULT CHARSET=utf8 COLLATE=utf8_unicode_ci;
/*!40101 SET character_set_client = @saved_cs_client */;

--
-- Dumping data for table `f_campanhas`
--

LOCK TABLES `f_campanhas` WRITE;
/*!40000 ALTER TABLE `f_campanhas` DISABLE KEYS */;
INSERT INTO `f_campanhas` VALUES ('CAMP001','SPRINT001','8608','SP Capital','8487','SP Capital Norte','1268','Agencia SP Capital Norte 1',NULL,NULL,NULL,NULL,'Empresas','1','1','4','Captação Bruta',NULL,'4',NULL,150.00,150000.00,75.00,NULL,'2025-01-01',NULL,NULL,NULL),('CAMP002','SPRINT001','8608','SP Capital','8488','SP Capital Sul','1271','Agencia SP Capital Sul 1',NULL,NULL,NULL,NULL,'Empresas','1','1','4','Captação Bruta',NULL,'4',NULL,180.00,180000.00,90.00,NULL,'2025-01-01',NULL,NULL,NULL),('CAMP003','SPRINT001','8609','SP Interior','8491','Campinas','1278','Agencia Campinas 1',NULL,NULL,NULL,NULL,'Empresas','1','2','3','Produção de Crédito PJ',NULL,'3',NULL,200.00,200000.00,100.00,NULL,'2025-01-01',NULL,NULL,NULL),('CAMP004','SPRINT001','8610','RJ Capital','8494','RJ Zona Sul','1285','Agencia RJ Zona Sul 1',NULL,NULL,NULL,NULL,'Empresas','1','3','1','Cash - Contas a Pagar e Contas a Receber',NULL,'1',NULL,220.00,220000.00,110.00,NULL,'2025-01-01',NULL,NULL,NULL),('CAMP005','SPRINT001','8612','Grandes Empresas SP','8499','SP Centro','1296','Agencia SP Centro 1',NULL,NULL,NULL,NULL,'Grandes Empresas','2','1','4','Captação Bruta',NULL,'4',NULL,300.00,300000.00,150.00,NULL,'2025-01-01',NULL,NULL,NULL),('CAMP006','SPRINT001','8613','Grandes Empresas RJ','8501','RJ Centro Empresas','1298','Agencia RJ Centro Empresas 1',NULL,NULL,NULL,NULL,'Grandes Empresas','2','2','3','Produção de Crédito PJ',NULL,'3',NULL,350.00,350000.00,175.00,NULL,'2025-01-01',NULL,NULL,NULL),('CAMP007','SPRINT001','8615','Médias Empresas Sul','8504','Curitiba','1301','Agencia Curitiba 1',NULL,NULL,NULL,NULL,'Médias Empresas','3','3','1','Cash - Contas a Pagar e Contas a Receber',NULL,'2',NULL,250.00,250000.00,125.00,NULL,'2025-01-01',NULL,NULL,NULL),('CAMP008','SPRINT001','8618','Pequenas Empresas SP','8510','SP Pequenas Norte','1313','Agencia SP Pequenas Norte 1',NULL,NULL,NULL,NULL,'Pequenas Empresas','4','1','4','Captação Bruta',NULL,'4',NULL,120.00,120000.00,60.00,NULL,'2025-01-01',NULL,NULL,NULL),('CAMP009','SPRINT001','8620','Microempresas SP','8513','Vila Mariana','1319','Agencia Vila Mariana 1',NULL,NULL,NULL,NULL,'Microempresas','5','2','3','Produção de Crédito PJ',NULL,'3',NULL,100.00,100000.00,50.00,NULL,'2025-01-01',NULL,NULL,NULL),('CAMP010','SPRINT002','8608','SP Capital','8487','SP Capital Norte','1268','Agencia SP Capital Norte 1',NULL,NULL,NULL,NULL,'Empresas','1','3','2','Novas Aquisições Alelo',NULL,'0',NULL,160.00,160000.00,80.00,NULL,'2025-01-15',NULL,NULL,NULL),('CAMP011','SPRINT002','8608','SP Capital','8488','SP Capital Sul','1271','Agencia SP Capital Sul 1',NULL,NULL,NULL,NULL,'Empresas','1','1','4','Captação Bruta',NULL,'4',NULL,190.00,190000.00,95.00,NULL,'2025-01-15',NULL,NULL,NULL),('CAMP012','SPRINT002','8609','SP Interior','8491','Campinas','1278','Agencia Campinas 1',NULL,NULL,NULL,NULL,'Empresas','1','2','3','Produção de Crédito PJ',NULL,'3',NULL,210.00,210000.00,105.00,NULL,'2025-01-15',NULL,NULL,NULL),('CAMP013','SPRINT002','8610','RJ Capital','8494','RJ Zona Sul','1285','Agencia RJ Zona Sul 1',NULL,NULL,NULL,NULL,'Empresas','1','3','1','Cash - Contas a Pagar e Contas a Receber',NULL,'1',NULL,230.00,230000.00,115.00,NULL,'2025-01-15',NULL,NULL,NULL),('CAMP014','SPRINT002','8612','Grandes Empresas SP','8499','SP Centro','1296','Agencia SP Centro 1',NULL,NULL,NULL,NULL,'Grandes Empresas','2','1','4','Captação Bruta',NULL,'4',NULL,310.00,310000.00,155.00,NULL,'2025-01-15',NULL,NULL,NULL),('CAMP015','SPRINT002','8613','Grandes Empresas RJ','8501','RJ Centro Empresas','1298','Agencia RJ Centro Empresas 1',NULL,NULL,NULL,NULL,'Grandes Empresas','2','2','3','Produção de Crédito PJ',NULL,'3',NULL,360.00,360000.00,180.00,NULL,'2025-01-15',NULL,NULL,NULL),('CAMP016','SPRINT002','8615','Médias Empresas Sul','8504','Curitiba','1301','Agencia Curitiba 1',NULL,NULL,NULL,NULL,'Médias Empresas','3','3','1','Cash - Contas a Pagar e Contas a Receber',NULL,'2',NULL,260.00,260000.00,130.00,NULL,'2025-01-15',NULL,NULL,NULL),('CAMP017','SPRINT002','8618','Pequenas Empresas SP','8510','SP Pequenas Norte','1313','Agencia SP Pequenas Norte 1',NULL,NULL,NULL,NULL,'Pequenas Empresas','4','1','4','Captação Bruta',NULL,'4',NULL,130.00,130000.00,65.00,NULL,'2025-01-15',NULL,NULL,NULL),('CAMP018','SPRINT002','8620','Microempresas SP','8513','Vila Mariana','1319','Agencia Vila Mariana 1',NULL,NULL,NULL,NULL,'Microempresas','5','2','3','Produção de Crédito PJ',NULL,'3',NULL,110.00,110000.00,55.00,NULL,'2025-01-15',NULL,NULL,NULL),('CAMP019','SPRINT003','8608','SP Capital','8487','SP Capital Norte','1268','Agencia SP Capital Norte 1',NULL,NULL,NULL,NULL,'Empresas','1','3','2','Novas Aquisições Alelo',NULL,'0',NULL,170.00,170000.00,85.00,NULL,'2025-02-01',NULL,NULL,NULL),('CAMP020','SPRINT003','8608','SP Capital','8488','SP Capital Sul','1271','Agencia SP Capital Sul 1',NULL,NULL,NULL,NULL,'Empresas','1','1','4','Captação Bruta',NULL,'4',NULL,200.00,200000.00,100.00,NULL,'2025-02-01',NULL,NULL,NULL),('CAMP100','SPRINT001','8608','SP Capital','8487','SP Capital Norte','1268','Agencia SP Capital Norte 1',NULL,NULL,NULL,NULL,'Empresas','1','1','4','Captação Bruta',NULL,'4',NULL,150.00,150000.00,75000.00,NULL,'2025-01-01',NULL,NULL,NULL),('CAMP101','SPRINT001','8609','SP Interior','8491','Campinas','1278','Agencia Campinas 1',NULL,NULL,NULL,NULL,'Empresas','1','1','4','Captação Bruta',NULL,'4',NULL,200.00,200000.00,100000.00,NULL,'2025-01-11',NULL,NULL,NULL),('CAMP102','SPRINT001','8610','RJ Capital','8494','RJ Zona Sul','1285','Agencia RJ Zona Sul 1',NULL,NULL,NULL,NULL,'Empresas','1','1','4','Captação Bruta',NULL,'4',NULL,250.00,250000.00,125000.00,NULL,'2025-01-21',NULL,NULL,NULL),('CAMP103','SPRINT002','8611','MG Capital','8497','BH','1293','Agencia BH 1',NULL,NULL,NULL,NULL,'Empresas','1','1','4','Captação Bruta',NULL,'4',NULL,150.00,150000.00,75000.00,NULL,'2025-02-01',NULL,NULL,NULL),('CAMP104','SPRINT002','8612','Grandes Empresas SP','8499','SP Centro','1296','Agencia SP Centro 1',NULL,NULL,NULL,NULL,'Empresas','1','1','4','Captação Bruta',NULL,'4',NULL,200.00,200000.00,100000.00,NULL,'2025-02-11',NULL,NULL,NULL),('CAMP105','SPRINT002','8613','Grandes Empresas RJ','8501','RJ Centro Empresas','1298','Agencia RJ Centro Empresas 1',NULL,NULL,NULL,NULL,'Empresas','1','1','4','Captação Bruta',NULL,'4',NULL,250.00,250000.00,125000.00,NULL,'2025-02-21',NULL,NULL,NULL),('CAMP106','SPRINT003','8614','Grandes Empresas MG','8503','MG Savassi','1300','Agencia MG Savassi 1',NULL,NULL,NULL,NULL,'Empresas','1','1','4','Captação Bruta',NULL,'4',NULL,150.00,150000.00,75000.00,NULL,'2025-03-01',NULL,NULL,NULL),('CAMP107','SPRINT003','8615','Médias Empresas Sul','8504','Curitiba','1301','Agencia Curitiba 1',NULL,NULL,NULL,NULL,'Empresas','1','1','4','Captação Bruta',NULL,'4',NULL,200.00,200000.00,100000.00,NULL,'2025-03-11',NULL,NULL,NULL),('CAMP108','SPRINT003','8616','Médias Empresas Sudeste','8506','SP Médias','1305','Agencia SP Médias 1',NULL,NULL,NULL,NULL,'Empresas','1','1','4','Captação Bruta',NULL,'4',NULL,250.00,250000.00,125000.00,NULL,'2025-03-21',NULL,NULL,NULL),('CAMP109','SPRINT004','8617','Médias Empresas Nordeste','8508','Recife','1309','Agencia Recife 1',NULL,NULL,NULL,NULL,'Empresas','1','1','4','Captação Bruta',NULL,'4',NULL,150.00,150000.00,75000.00,NULL,'2025-04-01',NULL,NULL,NULL),('CAMP110','SPRINT004','8608','SP Capital','8487','SP Capital Norte','1268','Agencia SP Capital Norte 1',NULL,NULL,NULL,NULL,'Empresas','1','1','4','Captação Bruta',NULL,'4',NULL,200.00,200000.00,100000.00,NULL,'2025-04-11',NULL,NULL,NULL),('CAMP111','SPRINT004','8609','SP Interior','8491','Campinas','1278','Agencia Campinas 1',NULL,NULL,NULL,NULL,'Empresas','1','1','4','Captação Bruta',NULL,'4',NULL,250.00,250000.00,125000.00,NULL,'2025-04-21',NULL,NULL,NULL),('CAMP112','SPRINT005','8610','RJ Capital','8494','RJ Zona Sul','1285','Agencia RJ Zona Sul 1',NULL,NULL,NULL,NULL,'Empresas','1','1','4','Captação Bruta',NULL,'4',NULL,150.00,150000.00,75000.00,NULL,'2025-05-01',NULL,NULL,NULL),('CAMP113','SPRINT005','8611','MG Capital','8497','BH','1293','Agencia BH 1',NULL,NULL,NULL,NULL,'Empresas','1','1','4','Captação Bruta',NULL,'4',NULL,200.00,200000.00,100000.00,NULL,'2025-05-11',NULL,NULL,NULL),('CAMP114','SPRINT005','8612','Grandes Empresas SP','8499','SP Centro','1296','Agencia SP Centro 1',NULL,NULL,NULL,NULL,'Empresas','1','1','4','Captação Bruta',NULL,'4',NULL,250.00,250000.00,125000.00,NULL,'2025-05-21',NULL,NULL,NULL),('CAMP115','SPRINT006','8613','Grandes Empresas RJ','8501','RJ Centro Empresas','1298','Agencia RJ Centro Empresas 1',NULL,NULL,NULL,NULL,'Empresas','1','1','4','Captação Bruta',NULL,'4',NULL,150.00,150000.00,75000.00,NULL,'2025-06-01',NULL,NULL,NULL),('CAMP116','SPRINT006','8614','Grandes Empresas MG','8503','MG Savassi','1300','Agencia MG Savassi 1',NULL,NULL,NULL,NULL,'Empresas','1','1','4','Captação Bruta',NULL,'4',NULL,200.00,200000.00,100000.00,NULL,'2025-06-11',NULL,NULL,NULL),('CAMP117','SPRINT006','8615','Médias Empresas Sul','8504','Curitiba','1301','Agencia Curitiba 1',NULL,NULL,NULL,NULL,'Empresas','1','1','4','Captação Bruta',NULL,'4',NULL,250.00,250000.00,125000.00,NULL,'2025-06-21',NULL,NULL,NULL),('CAMP118','SPRINT007','8616','Médias Empresas Sudeste','8506','SP Médias','1305','Agencia SP Médias 1',NULL,NULL,NULL,NULL,'Empresas','1','1','4','Captação Bruta',NULL,'4',NULL,150.00,150000.00,75000.00,NULL,'2025-07-01',NULL,NULL,NULL),('CAMP119','SPRINT007','8617','Médias Empresas Nordeste','8508','Recife','1309','Agencia Recife 1',NULL,NULL,NULL,NULL,'Empresas','1','1','4','Captação Bruta',NULL,'4',NULL,200.00,200000.00,100000.00,NULL,'2025-07-11',NULL,NULL,NULL),('CAMP120','SPRINT007','8608','SP Capital','8487','SP Capital Norte','1268','Agencia SP Capital Norte 1',NULL,NULL,NULL,NULL,'Empresas','1','1','4','Captação Bruta',NULL,'4',NULL,250.00,250000.00,125000.00,NULL,'2025-07-21',NULL,NULL,NULL),('CAMP121','SPRINT008','8609','SP Interior','8491','Campinas','1278','Agencia Campinas 1',NULL,NULL,NULL,NULL,'Empresas','1','1','4','Captação Bruta',NULL,'4',NULL,150.00,150000.00,75000.00,NULL,'2025-08-01',NULL,NULL,NULL),('CAMP122','SPRINT008','8610','RJ Capital','8494','RJ Zona Sul','1285','Agencia RJ Zona Sul 1',NULL,NULL,NULL,NULL,'Empresas','1','1','4','Captação Bruta',NULL,'4',NULL,200.00,200000.00,100000.00,NULL,'2025-08-11',NULL,NULL,NULL),('CAMP123','SPRINT008','8611','MG Capital','8497','BH','1293','Agencia BH 1',NULL,NULL,NULL,NULL,'Empresas','1','1','4','Captação Bruta',NULL,'4',NULL,250.00,250000.00,125000.00,NULL,'2025-08-21',NULL,NULL,NULL),('CAMP124','SPRINT009','8612','Grandes Empresas SP','8499','SP Centro','1296','Agencia SP Centro 1',NULL,NULL,NULL,NULL,'Empresas','1','1','4','Captação Bruta',NULL,'4',NULL,150.00,150000.00,75000.00,NULL,'2025-09-01',NULL,NULL,NULL),('CAMP125','SPRINT009','8613','Grandes Empresas RJ','8501','RJ Centro Empresas','1298','Agencia RJ Centro Empresas 1',NULL,NULL,NULL,NULL,'Empresas','1','1','4','Captação Bruta',NULL,'4',NULL,200.00,200000.00,100000.00,NULL,'2025-09-11',NULL,NULL,NULL),('CAMP126','SPRINT009','8614','Grandes Empresas MG','8503','MG Savassi','1300','Agencia MG Savassi 1',NULL,NULL,NULL,NULL,'Empresas','1','1','4','Captação Bruta',NULL,'4',NULL,250.00,250000.00,125000.00,NULL,'2025-09-21',NULL,NULL,NULL),('CAMP127','SPRINT010','8615','Médias Empresas Sul','8504','Curitiba','1301','Agencia Curitiba 1',NULL,NULL,NULL,NULL,'Empresas','1','1','4','Captação Bruta',NULL,'4',NULL,150.00,150000.00,75000.00,NULL,'2025-10-01',NULL,NULL,NULL),('CAMP128','SPRINT010','8616','Médias Empresas Sudeste','8506','SP Médias','1305','Agencia SP Médias 1',NULL,NULL,NULL,NULL,'Empresas','1','1','4','Captação Bruta',NULL,'4',NULL,200.00,200000.00,100000.00,NULL,'2025-10-11',NULL,NULL,NULL),('CAMP129','SPRINT010','8617','Médias Empresas Nordeste','8508','Recife','1309','Agencia Recife 1',NULL,NULL,NULL,NULL,'Empresas','1','1','4','Captação Bruta',NULL,'4',NULL,250.00,250000.00,125000.00,NULL,'2025-10-21',NULL,NULL,NULL),('CAMP130','SPRINT011','8608','SP Capital','8487','SP Capital Norte','1268','Agencia SP Capital Norte 1',NULL,NULL,NULL,NULL,'Empresas','1','1','4','Captação Bruta',NULL,'4',NULL,150.00,150000.00,75000.00,NULL,'2025-11-01',NULL,NULL,NULL),('CAMP131','SPRINT011','8609','SP Interior','8491','Campinas','1278','Agencia Campinas 1',NULL,NULL,NULL,NULL,'Empresas','1','1','4','Captação Bruta',NULL,'4',NULL,200.00,200000.00,100000.00,NULL,'2025-11-11',NULL,NULL,NULL),('CAMP132','SPRINT011','8610','RJ Capital','8494','RJ Zona Sul','1285','Agencia RJ Zona Sul 1',NULL,NULL,NULL,NULL,'Empresas','1','1','4','Captação Bruta',NULL,'4',NULL,250.00,250000.00,125000.00,NULL,'2025-11-21',NULL,NULL,NULL),('CAMP133','SPRINT012','8611','MG Capital','8497','BH','1293','Agencia BH 1',NULL,NULL,NULL,NULL,'Empresas','1','1','4','Captação Bruta',NULL,'4',NULL,150.00,150000.00,75000.00,NULL,'2025-12-01',NULL,NULL,NULL),('CAMP134','SPRINT012','8612','Grandes Empresas SP','8499','SP Centro','1296','Agencia SP Centro 1',NULL,NULL,NULL,NULL,'Empresas','1','1','4','Captação Bruta',NULL,'4',NULL,200.00,200000.00,100000.00,NULL,'2025-12-11',NULL,NULL,NULL),('CAMP135','SPRINT012','8613','Grandes Empresas RJ','8501','RJ Centro Empresas','1298','Agencia RJ Centro Empresas 1',NULL,NULL,NULL,NULL,'Empresas','1','1','4','Captação Bruta',NULL,'4',NULL,250.00,250000.00,125000.00,NULL,'2025-12-21',NULL,NULL,NULL);
/*!40000 ALTER TABLE `f_campanhas` ENABLE KEYS */;
UNLOCK TABLES;

--
-- Table structure for table `f_detalhes`
--

DROP TABLE IF EXISTS `f_detalhes`;
/*!40101 SET @saved_cs_client     = @@character_set_client */;
/*!50503 SET character_set_client = utf8mb4 */;
CREATE TABLE `f_detalhes` (
  `id` bigint(20) unsigned NOT NULL AUTO_INCREMENT,
  `contrato_id` varchar(80) COLLATE utf8_unicode_ci NOT NULL,
  `registro_id` varchar(60) COLLATE utf8_unicode_ci NOT NULL,
  `funcional` varchar(20) COLLATE utf8_unicode_ci NOT NULL,
  `id_produto` int(11) NOT NULL,
  `dt_cadastro` date NOT NULL,
  `competencia` date NOT NULL,
  `valor_meta` decimal(18,2) DEFAULT NULL,
  `valor_realizado` decimal(18,2) DEFAULT NULL,
  `quantidade` decimal(18,4) DEFAULT NULL,
  `peso` decimal(18,4) DEFAULT NULL,
  `pontos` decimal(18,4) DEFAULT NULL,
  `dt_vencimento` date DEFAULT NULL,
  `dt_cancelamento` date DEFAULT NULL,
  `motivo_cancelamento` varchar(255) COLLATE utf8_unicode_ci DEFAULT NULL,
  `canal_venda` varchar(50) COLLATE utf8_unicode_ci DEFAULT NULL,
  `tipo_venda` varchar(50) COLLATE utf8_unicode_ci DEFAULT NULL,
  `condicao_pagamento` varchar(50) COLLATE utf8_unicode_ci DEFAULT NULL,
  `status_id` varchar(20) COLLATE utf8_unicode_ci DEFAULT NULL,
  PRIMARY KEY (`id`),
  UNIQUE KEY `uq_fd_contrato` (`contrato_id`),
  KEY `idx_fd_funcional` (`funcional`),
  KEY `idx_fd_registro` (`registro_id`),
  KEY `idx_fd_produto` (`id_produto`),
  KEY `idx_fd_dt_cadastro` (`dt_cadastro`),
  KEY `idx_fd_competencia` (`competencia`),
  KEY `fk_fd_status` (`status_id`),
  CONSTRAINT `fk_fd_comp` FOREIGN KEY (`competencia`) REFERENCES `d_calendario` (`data`) ON UPDATE CASCADE,
  CONSTRAINT `fk_fd_dt_cadastro` FOREIGN KEY (`dt_cadastro`) REFERENCES `d_calendario` (`data`) ON UPDATE CASCADE,
  CONSTRAINT `fk_fd_estrutura` FOREIGN KEY (`funcional`) REFERENCES `d_estrutura` (`funcional`) ON UPDATE CASCADE,
  CONSTRAINT `fk_fd_produto` FOREIGN KEY (`id_produto`) REFERENCES `d_produtos` (`id`) ON UPDATE CASCADE,
  CONSTRAINT `fk_fd_status` FOREIGN KEY (`status_id`) REFERENCES `d_status_indicadores` (`id`) ON UPDATE CASCADE
) ENGINE=InnoDB AUTO_INCREMENT=1487 DEFAULT CHARSET=utf8 COLLATE=utf8_unicode_ci;
/*!40101 SET character_set_client = @saved_cs_client */;

--
-- Dumping data for table `f_detalhes`
--

LOCK TABLES `f_detalhes` WRITE;
/*!40000 ALTER TABLE `f_detalhes` DISABLE KEYS */;
INSERT INTO `f_detalhes` VALUES (1461,'CT001','REG001','G123456',6,'2025-12-01','2025-12-01',5000.00,5000.00,1.0000,0.1500,2.5000,'2026-01-01',NULL,NULL,'Digital','Novo','A vista','1'),(1462,'CT002','REG002','G123456',7,'2025-12-02','2025-12-02',3000.00,3000.00,1.0000,0.1500,1.8000,'2026-01-02',NULL,NULL,'Presencial','Novo','Parcelado','1'),(1463,'CT003','REG003','G123456',8,'2025-12-03','2025-12-03',4000.00,4000.00,1.0000,0.0000,3.2000,'2026-01-03',NULL,NULL,'Digital','Renovação','A vista','2'),(1464,'CT004','REG004','G987654',6,'2025-12-04','2025-12-04',4500.00,4500.00,1.0000,0.1500,2.2500,'2026-01-04',NULL,NULL,'Presencial','Novo','Parcelado','1'),(1465,'CT005','REG005','G987654',7,'2025-12-05','2025-12-05',2800.00,2800.00,1.0000,0.1500,1.6800,'2026-01-05',NULL,NULL,'Digital','Novo','A vista','1'),(1466,'CT006','REG006','G887766',6,'2025-12-08','2025-12-08',4800.00,4800.00,1.0000,0.1500,2.4000,'2026-01-08',NULL,NULL,'Presencial','Renovação','Parcelado','2'),(1467,'CT007','REG007','G887766',7,'2025-12-09','2025-12-09',2900.00,2900.00,1.0000,0.1500,1.7400,'2026-01-09',NULL,NULL,'Digital','Novo','A vista','1'),(1468,'CT008','REG008','G99999',6,'2025-12-10','2025-12-10',5200.00,5200.00,1.0000,0.1500,2.6000,'2026-01-10',NULL,NULL,'Digital','Novo','Parcelado','1'),(1469,'CT009','REG009','G99999',7,'2025-12-11','2025-12-11',3100.00,3100.00,1.0000,0.1500,1.8600,'2026-01-11',NULL,NULL,'Presencial','Novo','A vista','1'),(1470,'CT010','REG010','G88888',6,'2025-12-12','2025-12-12',4700.00,4700.00,1.0000,0.1500,2.3500,'2026-01-12',NULL,NULL,'Digital','Renovação','Parcelado','2'),(1471,'CT011','REG011','G88888',7,'2025-12-15','2025-12-15',2700.00,2700.00,1.0000,0.1500,1.6200,'2026-01-15',NULL,NULL,'Presencial','Novo','A vista','1'),(1472,'CT012','REG012','G77777',6,'2025-12-16','2025-12-16',4900.00,4900.00,1.0000,0.1500,2.4500,'2026-01-16',NULL,NULL,'Digital','Novo','Parcelado','1'),(1473,'CT013','REG013','G77777',7,'2025-12-17','2025-12-17',3000.00,3000.00,1.0000,0.1500,1.8000,'2026-01-17',NULL,NULL,'Presencial','Renovação','A vista','2'),(1474,'CT014','REG014','G66666',6,'2025-12-18','2025-12-18',5100.00,5100.00,1.0000,0.1500,2.5500,'2026-01-18',NULL,NULL,'Digital','Novo','Parcelado','1'),(1475,'CT015','REG015','G66666',7,'2025-12-19','2025-12-19',3050.00,3050.00,1.0000,0.1500,1.8300,'2026-01-19',NULL,NULL,'Presencial','Novo','A vista','1'),(1476,'CT016','REG016','G55555',6,'2025-12-22','2025-12-22',4600.00,4600.00,1.0000,0.1500,2.3000,'2026-01-22',NULL,NULL,'Digital','Renovação','Parcelado','2'),(1477,'CT017','REG017','G55555',7,'2025-12-23','2025-12-23',2750.00,2750.00,1.0000,0.1500,1.6500,'2026-01-23',NULL,NULL,'Presencial','Novo','A vista','1'),(1478,'CT018','REG018','G44444',6,'2025-12-24','2025-12-24',5300.00,5300.00,1.0000,0.1500,2.6500,'2026-01-24',NULL,NULL,'Digital','Novo','Parcelado','1'),(1479,'CT019','REG019','G44444',7,'2025-12-26','2025-12-26',3200.00,3200.00,1.0000,0.1500,1.9200,'2026-01-26',NULL,NULL,'Presencial','Novo','A vista','1'),(1480,'CT020','REG020','G33333',6,'2025-12-29','2025-12-29',4400.00,4400.00,1.0000,0.1500,2.2000,'2026-01-29',NULL,NULL,'Digital','Renovação','Parcelado','2'),(1481,'CT021','REG021','G33333',7,'2025-12-30','2025-12-30',2650.00,2650.00,1.0000,0.1500,1.5900,'2026-01-30',NULL,NULL,'Presencial','Novo','A vista','1'),(1482,'CT022','REG022','G22222',6,'2025-12-31','2025-12-31',5400.00,5400.00,1.0000,0.1500,2.7000,'2026-01-31',NULL,NULL,'Digital','Novo','Parcelado','1'),(1483,'CT023','REG023','G22222',7,'2025-12-31','2025-12-31',3300.00,3300.00,1.0000,0.1500,1.9800,'2026-01-31',NULL,NULL,'Presencial','Novo','A vista','1'),(1484,'CT024','REG024','G11111',6,'2025-12-31','2025-12-31',4300.00,4300.00,1.0000,0.1500,2.1500,'2026-01-31',NULL,NULL,'Digital','Renovação','Parcelado','2'),(1485,'CT025','REG025','G00000',6,'2025-12-31','2025-12-31',5500.00,5500.00,1.0000,0.1500,2.7500,'2026-01-31',NULL,NULL,'Digital','Novo','Parcelado','1'),(1486,'CT026','REG026','G00000',7,'2025-12-31','2025-12-31',3400.00,3400.00,1.0000,0.1500,2.0400,'2026-01-31',NULL,NULL,'Presencial','Novo','A vista','1');
/*!40000 ALTER TABLE `f_detalhes` ENABLE KEYS */;
UNLOCK TABLES;

--
-- Table structure for table `f_leads_propensos`
--

DROP TABLE IF EXISTS `f_leads_propensos`;
/*!40101 SET @saved_cs_client     = @@character_set_client */;
/*!50503 SET character_set_client = utf8mb4 */;
CREATE TABLE `f_leads_propensos` (
  `database` date NOT NULL,
  `nome_empresa` varchar(200) COLLATE utf8_unicode_ci NOT NULL,
  `cnae` varchar(20) COLLATE utf8_unicode_ci DEFAULT NULL,
  `segmento_cliente` varchar(100) COLLATE utf8_unicode_ci DEFAULT NULL,
  `segmento_cliente_id` varchar(50) COLLATE utf8_unicode_ci DEFAULT NULL,
  `produto_propenso` varchar(150) COLLATE utf8_unicode_ci NOT NULL,
  `familia_produto_propenso` varchar(150) COLLATE utf8_unicode_ci NOT NULL,
  `secao_produto_propenso` varchar(150) COLLATE utf8_unicode_ci DEFAULT NULL,
  `id_indicador` varchar(80) COLLATE utf8_unicode_ci DEFAULT NULL,
  `id_subindicador` varchar(80) COLLATE utf8_unicode_ci DEFAULT '0',
  `data_contato` date DEFAULT NULL,
  `comentario` text COLLATE utf8_unicode_ci,
  `responsavel_contato` varchar(150) COLLATE utf8_unicode_ci DEFAULT NULL,
  `diretoria_cliente` varchar(150) COLLATE utf8_unicode_ci DEFAULT NULL,
  `diretoria_cliente_id` varchar(50) COLLATE utf8_unicode_ci DEFAULT NULL,
  `regional_cliente` varchar(150) COLLATE utf8_unicode_ci DEFAULT NULL,
  `regional_cliente_id` varchar(50) COLLATE utf8_unicode_ci DEFAULT NULL,
  `agencia_cliente` varchar(150) COLLATE utf8_unicode_ci DEFAULT NULL,
  `agencia_cliente_id` varchar(50) COLLATE utf8_unicode_ci DEFAULT NULL,
  `gerente_gestao_cliente` varchar(150) COLLATE utf8_unicode_ci DEFAULT NULL,
  `gerente_gestao_cliente_id` varchar(50) COLLATE utf8_unicode_ci DEFAULT NULL,
  `gerente_cliente` varchar(150) COLLATE utf8_unicode_ci DEFAULT NULL,
  `gerente_cliente_id` varchar(50) COLLATE utf8_unicode_ci DEFAULT NULL,
  `credito_pre_aprovado` decimal(18,2) DEFAULT NULL,
  `origem_lead` varchar(50) COLLATE utf8_unicode_ci DEFAULT NULL,
  PRIMARY KEY (`database`,`nome_empresa`(190)),
  KEY `idx_f_leads_calendario` (`database`),
  KEY `idx_f_leads_contato` (`data_contato`),
  KEY `idx_f_leads_unidade` (`segmento_cliente_id`,`diretoria_cliente_id`,`regional_cliente_id`,`agencia_cliente_id`),
  KEY `idx_f_leads_produto` (`id_indicador`,`id_subindicador`),
  KEY `idx_f_leads_diretoria` (`diretoria_cliente_id`),
  KEY `idx_f_leads_regional` (`regional_cliente_id`),
  CONSTRAINT `fk_leads_calendario_base` FOREIGN KEY (`database`) REFERENCES `d_calendario` (`data`) ON DELETE CASCADE,
  CONSTRAINT `fk_leads_calendario_contato` FOREIGN KEY (`data_contato`) REFERENCES `d_calendario` (`data`) ON DELETE SET NULL
) ENGINE=InnoDB DEFAULT CHARSET=utf8 COLLATE=utf8_unicode_ci;
/*!40101 SET character_set_client = @saved_cs_client */;

--
-- Dumping data for table `f_leads_propensos`
--

LOCK TABLES `f_leads_propensos` WRITE;
/*!40000 ALTER TABLE `f_leads_propensos` DISABLE KEYS */;
INSERT INTO `f_leads_propensos` VALUES ('2025-01-01','ABC Ltda 1','6201500','Grandes Empresas','2','Crédito PJ','Crédito','Linha PJ','3','3','2025-01-01','Lead gerado automaticamente para testes','g010001',NULL,NULL,NULL,NULL,NULL,NULL,NULL,NULL,NULL,NULL,500000.00,'Site'),('2025-01-01','Agronegócio PQR ME','0111301','Pequenas Empresas','4','Crédito PJ','Crédito','Linha PJ','3','3','2025-01-11','Crédito para safra','g040002','Pequenas Empresas SP','8618','SP Pequenas Sul','8511','Agencia SP Pequenas Sul 1','1315','gg010007','gg010007','g040002','g040002',150000.00,'Indicação'),('2025-01-01','Alimentação YZA Ltda','4711301','Médias Empresas','3','Crédito PJ','Crédito','Linha PJ','3','3','2025-01-14','Expansão de unidades','g030003','Médias Empresas Sudeste','8616','SP Médias','8506','Agencia SP Médias 1','1305','gg010009','gg010009','g030003','g030003',400000.00,'WhatsApp'),('2025-01-01','Beleza QRS Ltda','9602501','Microempresas','5','Captação','Captação','CDB e Isentos','4','4','2025-01-20','Aplicação de lucros','g050004','Microempresas SP','8620','Pinheiros','8514','Agencia Pinheiros 1','1321','gg010014','gg010014','g050004','g050004',60000.00,'Site'),('2025-01-01','Comércio XYZ S.A.','4711301','Médias Empresas','3','Cash Management','Relacionamento','Contas a Pagar','1','1','2025-01-06','Necessita solução de cash management','g030001','Médias Empresas Sul','8615','Curitiba','8504','Agencia Curitiba 1','1301','gg010002','gg010002','g030001','g030001',200000.00,'Indicação'),('2025-01-01','Construção STU Ltda','4120400','Microempresas','5','Cash Management','Relacionamento','Contas a Pagar','1','1','2025-01-12','Solução para pagamento de fornecedores','g050002','Microempresas SP','8620','Pinheiros','8514','Agencia Pinheiros 1','1321','gg010008','gg010008','g050002','g050002',80000.00,'Telemarketing'),('2025-01-01','Consultoria CDE Ltda','7020400','Microempresas','5','Novas Aquisições Alelo','Relacionamento',NULL,'2','0','2025-01-24','Cartões para consultores','g050005','Microempresas SP','8621','ABC','8515','Agencia ABC 1','1323','gg010017','gg010017','g050005','g050005',45000.00,'WhatsApp'),('2025-01-01','DEF ME 3','2511000','Pequenas Empresas','4','Captação','Captação','CDB e Isentos','4','4','2025-01-11','Lead gerado automaticamente para testes','g010003',NULL,NULL,NULL,NULL,NULL,NULL,NULL,NULL,NULL,NULL,120000.00,'Telemarketing'),('2025-01-01','Educação BCD ME','8520100','Pequenas Empresas','4','Captação','Captação','CDB e Isentos','4','4','2025-01-15','Aplicação de reserva','g040003','Pequenas Empresas SP','8618','SP Pequenas Norte','8510','Agencia SP Pequenas Norte 1','1313','gg010010','gg010010','g040003','g040003',120000.00,'Evento'),('2025-01-01','Empresa ABC Ltda','6201500','Grandes Empresas','2','Crédito PJ','Crédito','Linha PJ','3','3','2025-01-05','Cliente interessado em linha de crédito para expansão','g020001','Grandes Empresas SP','8612','SP Centro','8499','Agencia SP Centro 1','1296','gg010001','gg010001','g020001','g020001',500000.00,'Site'),('2025-01-01','Energia HIJ S.A.','3510300','Grandes Empresas','2','Crédito PJ','Crédito','Linha PJ','3','3','2025-01-17','Projeto de energia renovável','g020004','Grandes Empresas RJ','8613','RJ Barra Empresas','8502','Agencia RJ Barra Empresas 1','1299',NULL,NULL,'g020004','g020004',1200000.00,'Site'),('2025-01-01','Farmacêutica WXY Ltda','2102000','Médias Empresas','3','Crédito PJ','Crédito','Linha PJ','3','3','2025-01-22','Expansão de laboratório','g030005','Médias Empresas Sudeste','8616','SP Médias','8506','Agencia SP Médias 1','1305','gg010015','gg010015','g030005','g030005',500000.00,'Indicação'),('2025-01-01','GHI Ltda 4','6202300','Microempresas','5','Novas Aquisições Alelo','Relacionamento',NULL,'2','0','2025-01-16','Lead gerado automaticamente para testes','g010004',NULL,NULL,NULL,NULL,NULL,NULL,NULL,NULL,NULL,NULL,80000.00,'WhatsApp'),('2025-01-01','Indústria DEF ME','2511000','Pequenas Empresas','4','Captação','Captação','CDB e Isentos','4','4','2025-01-07','Busca aplicação de recursos','g040001','Pequenas Empresas SP','8618','SP Pequenas Norte','8510','Agencia SP Pequenas Norte 1','1313','gg010003','gg010003','g040001','g040001',100000.00,'Telemarketing'),('2025-01-01','JKL S.A. 5','4940000','Grandes Empresas','2','Crédito PJ','Crédito','Linha PJ','3','3','2025-01-21','Lead gerado automaticamente para testes','g010005',NULL,NULL,NULL,NULL,NULL,NULL,NULL,NULL,NULL,NULL,540000.00,'Evento'),('2025-01-01','Logística VWX S.A.','4940000','Grandes Empresas','2','Novas Aquisições Alelo','Relacionamento',NULL,'2','0','2025-01-13','Interesse em cartões corporativos','g020003','Grandes Empresas RJ','8613','RJ Centro Empresas','8501','Agencia RJ Centro Empresas 1','1298',NULL,NULL,'g020003','g020003',600000.00,'Site'),('2025-01-01','Química TUV S.A.','2011700','Grandes Empresas','2','Cash Management','Relacionamento','Contas a Pagar','1','1','2025-01-21','Otimização de pagamentos','g020005','Grandes Empresas MG','8614','MG Savassi','8503','Agencia MG Savassi 1','1300',NULL,NULL,'g020005','g020005',900000.00,'Evento'),('2025-01-01','Saúde EFG Ltda','8610100','Microempresas','5','Cash Management','Relacionamento','Contas a Receber','1','2','2025-01-16','Gestão de recebíveis','g050003','Microempresas SP','8620','Vila Mariana','8513','Agencia Vila Mariana 1','1319','gg010011','gg010011','g050003','g050003',70000.00,'Indicação'),('2025-01-01','Serviços GHI Ltda','6202300','Microempresas','5','Crédito PJ','Crédito','Linha PJ','3','3','2025-01-08','Solicitação de crédito para capital de giro','g050001','Microempresas SP','8620','Vila Mariana','8513','Agencia Vila Mariana 1','1319','gg010004','gg010004','g050001','g050001',50000.00,'WhatsApp'),('2025-01-01','Tecnologia JKL S.A.','6201500','Grandes Empresas','2','Cash Management','Relacionamento','Contas a Receber','1','2','2025-01-09','Interesse em solução de recebíveis','g020002','Grandes Empresas SP','8612','Faria Lima','8500','Agencia Faria Lima 1','1297','gg010005','gg010005','g020002','g020002',800000.00,'Evento'),('2025-01-01','Telecomunicações KLM Ltda','6110801','Médias Empresas','3','Novas Aquisições Alelo','Relacionamento',NULL,'2','0','2025-01-18','Cartões para equipe','g030004','Médias Empresas Sudeste','8616','RJ Médias','8507','Agencia RJ Médias 1','1307','gg010012','gg010012','g030004','g030004',250000.00,'Telemarketing'),('2025-01-01','Têxtil ZAB ME','1311100','Pequenas Empresas','4','Cash Management','Relacionamento','Contas a Receber','1','2','2025-01-23','Gestão de recebíveis','g040005','Pequenas Empresas RJ','8619','RJ Tijuca','8512','Agencia RJ Tijuca 1','1317','gg010016','gg010016','g040005','g040005',140000.00,'Telemarketing'),('2025-01-01','Transporte NOP ME','4940000','Pequenas Empresas','4','Crédito PJ','Crédito','Linha PJ','3','3','2025-01-19','Aquisição de veículos','g040004','Pequenas Empresas SP','8618','SP Pequenas Sul','8511','Agencia SP Pequenas Sul 1','1315','gg010013','gg010013','g040004','g040004',180000.00,'WhatsApp'),('2025-01-01','Varejo MNO Ltda','4711301','Médias Empresas','3','Captação','Captação','CDB e Isentos','4','4','2025-01-10','Aplicação de sobras de caixa','g030002','Médias Empresas Sul','8615','Porto Alegre','8505','Agencia Porto Alegre 1','1303','gg010006','gg010006','g030002','g030002',300000.00,'Site'),('2025-01-01','XYZ S.A. 2','4711301','Médias Empresas','3','Cash Management','Relacionamento','Contas a Pagar','1','1','2025-01-06','Lead gerado automaticamente para testes','g010002',NULL,NULL,NULL,NULL,NULL,NULL,NULL,NULL,NULL,NULL,210000.00,'Indicação'),('2025-02-01','MNO Ltda 6','0111301','Grandes Empresas','2','Crédito PJ','Crédito','Linha PJ','3','3','2025-02-01','Lead gerado automaticamente para testes','g010001',NULL,NULL,NULL,NULL,NULL,NULL,NULL,NULL,NULL,NULL,500000.00,'Site'),('2025-02-01','PQR ME 7','4120400','Médias Empresas','3','Cash Management','Relacionamento','Contas a Pagar','1','1','2025-02-06','Lead gerado automaticamente para testes','g010002',NULL,NULL,NULL,NULL,NULL,NULL,NULL,NULL,NULL,NULL,210000.00,'Indicação'),('2025-02-01','STU Ltda 8','8520100','Pequenas Empresas','4','Captação','Captação','CDB e Isentos','4','4','2025-02-11','Lead gerado automaticamente para testes','g010003',NULL,NULL,NULL,NULL,NULL,NULL,NULL,NULL,NULL,NULL,120000.00,'Telemarketing'),('2025-02-01','VWX S.A. 9','8610100','Microempresas','5','Novas Aquisições Alelo','Relacionamento',NULL,'2','0','2025-02-16','Lead gerado automaticamente para testes','g010004',NULL,NULL,NULL,NULL,NULL,NULL,NULL,NULL,NULL,NULL,80000.00,'WhatsApp'),('2025-02-01','YZA Ltda 10','3510300','Grandes Empresas','2','Crédito PJ','Crédito','Linha PJ','3','3','2025-02-21','Lead gerado automaticamente para testes','g010005',NULL,NULL,NULL,NULL,NULL,NULL,NULL,NULL,NULL,NULL,540000.00,'Evento'),('2025-03-01','BCD ME 11','6201500','Grandes Empresas','2','Crédito PJ','Crédito','Linha PJ','3','3','2025-03-01','Lead gerado automaticamente para testes','g010001',NULL,NULL,NULL,NULL,NULL,NULL,NULL,NULL,NULL,NULL,500000.00,'Site'),('2025-03-01','EFG Ltda 12','4711301','Médias Empresas','3','Cash Management','Relacionamento','Contas a Pagar','1','1','2025-03-06','Lead gerado automaticamente para testes','g010002',NULL,NULL,NULL,NULL,NULL,NULL,NULL,NULL,NULL,NULL,210000.00,'Indicação'),('2025-03-01','HIJ S.A. 13','2511000','Pequenas Empresas','4','Captação','Captação','CDB e Isentos','4','4','2025-03-11','Lead gerado automaticamente para testes','g010003',NULL,NULL,NULL,NULL,NULL,NULL,NULL,NULL,NULL,NULL,120000.00,'Telemarketing'),('2025-03-01','KLM Ltda 14','6202300','Microempresas','5','Novas Aquisições Alelo','Relacionamento',NULL,'2','0','2025-03-16','Lead gerado automaticamente para testes','g010004',NULL,NULL,NULL,NULL,NULL,NULL,NULL,NULL,NULL,NULL,80000.00,'WhatsApp'),('2025-03-01','NOP ME 15','4940000','Grandes Empresas','2','Crédito PJ','Crédito','Linha PJ','3','3','2025-03-21','Lead gerado automaticamente para testes','g010005',NULL,NULL,NULL,NULL,NULL,NULL,NULL,NULL,NULL,NULL,540000.00,'Evento'),('2025-04-01','CDE Ltda 20','3510300','Grandes Empresas','2','Crédito PJ','Crédito','Linha PJ','3','3','2025-04-21','Lead gerado automaticamente para testes','g010005',NULL,NULL,NULL,NULL,NULL,NULL,NULL,NULL,NULL,NULL,540000.00,'Evento'),('2025-04-01','QRS Ltda 16','0111301','Grandes Empresas','2','Crédito PJ','Crédito','Linha PJ','3','3','2025-04-01','Lead gerado automaticamente para testes','g010001',NULL,NULL,NULL,NULL,NULL,NULL,NULL,NULL,NULL,NULL,500000.00,'Site'),('2025-04-01','TUV S.A. 17','4120400','Médias Empresas','3','Cash Management','Relacionamento','Contas a Pagar','1','1','2025-04-06','Lead gerado automaticamente para testes','g010002',NULL,NULL,NULL,NULL,NULL,NULL,NULL,NULL,NULL,NULL,210000.00,'Indicação'),('2025-04-01','WXY Ltda 18','8520100','Pequenas Empresas','4','Captação','Captação','CDB e Isentos','4','4','2025-04-11','Lead gerado automaticamente para testes','g010003',NULL,NULL,NULL,NULL,NULL,NULL,NULL,NULL,NULL,NULL,120000.00,'Telemarketing'),('2025-04-01','ZAB ME 19','8610100','Microempresas','5','Novas Aquisições Alelo','Relacionamento',NULL,'2','0','2025-04-16','Lead gerado automaticamente para testes','g010004',NULL,NULL,NULL,NULL,NULL,NULL,NULL,NULL,NULL,NULL,80000.00,'WhatsApp'),('2025-05-01','ABC Ltda 21','6201500','Grandes Empresas','2','Crédito PJ','Crédito','Linha PJ','3','3','2025-05-01','Lead gerado automaticamente para testes','g010001',NULL,NULL,NULL,NULL,NULL,NULL,NULL,NULL,NULL,NULL,500000.00,'Site'),('2025-05-01','DEF ME 23','2511000','Pequenas Empresas','4','Captação','Captação','CDB e Isentos','4','4','2025-05-11','Lead gerado automaticamente para testes','g010003',NULL,NULL,NULL,NULL,NULL,NULL,NULL,NULL,NULL,NULL,120000.00,'Telemarketing'),('2025-05-01','GHI Ltda 24','6202300','Microempresas','5','Novas Aquisições Alelo','Relacionamento',NULL,'2','0','2025-05-16','Lead gerado automaticamente para testes','g010004',NULL,NULL,NULL,NULL,NULL,NULL,NULL,NULL,NULL,NULL,80000.00,'WhatsApp'),('2025-05-01','JKL S.A. 25','4940000','Grandes Empresas','2','Crédito PJ','Crédito','Linha PJ','3','3','2025-05-21','Lead gerado automaticamente para testes','g010005',NULL,NULL,NULL,NULL,NULL,NULL,NULL,NULL,NULL,NULL,540000.00,'Evento'),('2025-05-01','XYZ S.A. 22','4711301','Médias Empresas','3','Cash Management','Relacionamento','Contas a Pagar','1','1','2025-05-06','Lead gerado automaticamente para testes','g010002',NULL,NULL,NULL,NULL,NULL,NULL,NULL,NULL,NULL,NULL,210000.00,'Indicação'),('2025-06-01','MNO Ltda 26','0111301','Grandes Empresas','2','Crédito PJ','Crédito','Linha PJ','3','3','2025-06-01','Lead gerado automaticamente para testes','g010001',NULL,NULL,NULL,NULL,NULL,NULL,NULL,NULL,NULL,NULL,500000.00,'Site'),('2025-06-01','PQR ME 27','4120400','Médias Empresas','3','Cash Management','Relacionamento','Contas a Pagar','1','1','2025-06-06','Lead gerado automaticamente para testes','g010002',NULL,NULL,NULL,NULL,NULL,NULL,NULL,NULL,NULL,NULL,210000.00,'Indicação'),('2025-06-01','STU Ltda 28','8520100','Pequenas Empresas','4','Captação','Captação','CDB e Isentos','4','4','2025-06-11','Lead gerado automaticamente para testes','g010003',NULL,NULL,NULL,NULL,NULL,NULL,NULL,NULL,NULL,NULL,120000.00,'Telemarketing'),('2025-06-01','VWX S.A. 29','8610100','Microempresas','5','Novas Aquisições Alelo','Relacionamento',NULL,'2','0','2025-06-16','Lead gerado automaticamente para testes','g010004',NULL,NULL,NULL,NULL,NULL,NULL,NULL,NULL,NULL,NULL,80000.00,'WhatsApp'),('2025-06-01','YZA Ltda 30','3510300','Grandes Empresas','2','Crédito PJ','Crédito','Linha PJ','3','3','2025-06-21','Lead gerado automaticamente para testes','g010005',NULL,NULL,NULL,NULL,NULL,NULL,NULL,NULL,NULL,NULL,540000.00,'Evento'),('2025-07-01','BCD ME 31','6201500','Grandes Empresas','2','Crédito PJ','Crédito','Linha PJ','3','3','2025-07-01','Lead gerado automaticamente para testes','g010001',NULL,NULL,NULL,NULL,NULL,NULL,NULL,NULL,NULL,NULL,500000.00,'Site'),('2025-07-01','EFG Ltda 32','4711301','Médias Empresas','3','Cash Management','Relacionamento','Contas a Pagar','1','1','2025-07-06','Lead gerado automaticamente para testes','g010002',NULL,NULL,NULL,NULL,NULL,NULL,NULL,NULL,NULL,NULL,210000.00,'Indicação'),('2025-07-01','HIJ S.A. 33','2511000','Pequenas Empresas','4','Captação','Captação','CDB e Isentos','4','4','2025-07-11','Lead gerado automaticamente para testes','g010003',NULL,NULL,NULL,NULL,NULL,NULL,NULL,NULL,NULL,NULL,120000.00,'Telemarketing'),('2025-07-01','KLM Ltda 34','6202300','Microempresas','5','Novas Aquisições Alelo','Relacionamento',NULL,'2','0','2025-07-16','Lead gerado automaticamente para testes','g010004',NULL,NULL,NULL,NULL,NULL,NULL,NULL,NULL,NULL,NULL,80000.00,'WhatsApp'),('2025-07-01','NOP ME 35','4940000','Grandes Empresas','2','Crédito PJ','Crédito','Linha PJ','3','3','2025-07-21','Lead gerado automaticamente para testes','g010005',NULL,NULL,NULL,NULL,NULL,NULL,NULL,NULL,NULL,NULL,540000.00,'Evento'),('2025-08-01','CDE Ltda 40','3510300','Grandes Empresas','2','Crédito PJ','Crédito','Linha PJ','3','3','2025-08-21','Lead gerado automaticamente para testes','g010005',NULL,NULL,NULL,NULL,NULL,NULL,NULL,NULL,NULL,NULL,540000.00,'Evento'),('2025-08-01','QRS Ltda 36','0111301','Grandes Empresas','2','Crédito PJ','Crédito','Linha PJ','3','3','2025-08-01','Lead gerado automaticamente para testes','g010001',NULL,NULL,NULL,NULL,NULL,NULL,NULL,NULL,NULL,NULL,500000.00,'Site'),('2025-08-01','TUV S.A. 37','4120400','Médias Empresas','3','Cash Management','Relacionamento','Contas a Pagar','1','1','2025-08-06','Lead gerado automaticamente para testes','g010002',NULL,NULL,NULL,NULL,NULL,NULL,NULL,NULL,NULL,NULL,210000.00,'Indicação'),('2025-08-01','WXY Ltda 38','8520100','Pequenas Empresas','4','Captação','Captação','CDB e Isentos','4','4','2025-08-11','Lead gerado automaticamente para testes','g010003',NULL,NULL,NULL,NULL,NULL,NULL,NULL,NULL,NULL,NULL,120000.00,'Telemarketing'),('2025-08-01','ZAB ME 39','8610100','Microempresas','5','Novas Aquisições Alelo','Relacionamento',NULL,'2','0','2025-08-16','Lead gerado automaticamente para testes','g010004',NULL,NULL,NULL,NULL,NULL,NULL,NULL,NULL,NULL,NULL,80000.00,'WhatsApp'),('2025-09-01','ABC Ltda 41','6201500','Grandes Empresas','2','Crédito PJ','Crédito','Linha PJ','3','3','2025-09-01','Lead gerado automaticamente para testes','g010001',NULL,NULL,NULL,NULL,NULL,NULL,NULL,NULL,NULL,NULL,500000.00,'Site'),('2025-09-01','DEF ME 43','2511000','Pequenas Empresas','4','Captação','Captação','CDB e Isentos','4','4','2025-09-11','Lead gerado automaticamente para testes','g010003',NULL,NULL,NULL,NULL,NULL,NULL,NULL,NULL,NULL,NULL,120000.00,'Telemarketing'),('2025-09-01','GHI Ltda 44','6202300','Microempresas','5','Novas Aquisições Alelo','Relacionamento',NULL,'2','0','2025-09-16','Lead gerado automaticamente para testes','g010004',NULL,NULL,NULL,NULL,NULL,NULL,NULL,NULL,NULL,NULL,80000.00,'WhatsApp'),('2025-09-01','JKL S.A. 45','4940000','Grandes Empresas','2','Crédito PJ','Crédito','Linha PJ','3','3','2025-09-21','Lead gerado automaticamente para testes','g010005',NULL,NULL,NULL,NULL,NULL,NULL,NULL,NULL,NULL,NULL,540000.00,'Evento'),('2025-09-01','XYZ S.A. 42','4711301','Médias Empresas','3','Cash Management','Relacionamento','Contas a Pagar','1','1','2025-09-06','Lead gerado automaticamente para testes','g010002',NULL,NULL,NULL,NULL,NULL,NULL,NULL,NULL,NULL,NULL,210000.00,'Indicação'),('2025-10-01','MNO Ltda 46','0111301','Grandes Empresas','2','Crédito PJ','Crédito','Linha PJ','3','3','2025-10-01','Lead gerado automaticamente para testes','g010001',NULL,NULL,NULL,NULL,NULL,NULL,NULL,NULL,NULL,NULL,500000.00,'Site'),('2025-10-01','PQR ME 47','4120400','Médias Empresas','3','Cash Management','Relacionamento','Contas a Pagar','1','1','2025-10-06','Lead gerado automaticamente para testes','g010002',NULL,NULL,NULL,NULL,NULL,NULL,NULL,NULL,NULL,NULL,210000.00,'Indicação'),('2025-10-01','STU Ltda 48','8520100','Pequenas Empresas','4','Captação','Captação','CDB e Isentos','4','4','2025-10-11','Lead gerado automaticamente para testes','g010003',NULL,NULL,NULL,NULL,NULL,NULL,NULL,NULL,NULL,NULL,120000.00,'Telemarketing'),('2025-10-01','VWX S.A. 49','8610100','Microempresas','5','Novas Aquisições Alelo','Relacionamento',NULL,'2','0','2025-10-16','Lead gerado automaticamente para testes','g010004',NULL,NULL,NULL,NULL,NULL,NULL,NULL,NULL,NULL,NULL,80000.00,'WhatsApp'),('2025-10-01','YZA Ltda 50','3510300','Grandes Empresas','2','Crédito PJ','Crédito','Linha PJ','3','3','2025-10-21','Lead gerado automaticamente para testes','g010005',NULL,NULL,NULL,NULL,NULL,NULL,NULL,NULL,NULL,NULL,540000.00,'Evento'),('2025-11-01','BCD ME 51','6201500','Grandes Empresas','2','Crédito PJ','Crédito','Linha PJ','3','3','2025-11-01','Lead gerado automaticamente para testes','g010001',NULL,NULL,NULL,NULL,NULL,NULL,NULL,NULL,NULL,NULL,500000.00,'Site'),('2025-11-01','EFG Ltda 52','4711301','Médias Empresas','3','Cash Management','Relacionamento','Contas a Pagar','1','1','2025-11-06','Lead gerado automaticamente para testes','g010002',NULL,NULL,NULL,NULL,NULL,NULL,NULL,NULL,NULL,NULL,210000.00,'Indicação'),('2025-11-01','HIJ S.A. 53','2511000','Pequenas Empresas','4','Captação','Captação','CDB e Isentos','4','4','2025-11-11','Lead gerado automaticamente para testes','g010003',NULL,NULL,NULL,NULL,NULL,NULL,NULL,NULL,NULL,NULL,120000.00,'Telemarketing'),('2025-11-01','KLM Ltda 54','6202300','Microempresas','5','Novas Aquisições Alelo','Relacionamento',NULL,'2','0','2025-11-16','Lead gerado automaticamente para testes','g010004',NULL,NULL,NULL,NULL,NULL,NULL,NULL,NULL,NULL,NULL,80000.00,'WhatsApp'),('2025-11-01','NOP ME 55','4940000','Grandes Empresas','2','Crédito PJ','Crédito','Linha PJ','3','3','2025-11-21','Lead gerado automaticamente para testes','g010005',NULL,NULL,NULL,NULL,NULL,NULL,NULL,NULL,NULL,NULL,540000.00,'Evento'),('2025-12-01','CDE Ltda 60','3510300','Grandes Empresas','2','Crédito PJ','Crédito','Linha PJ','3','3','2025-12-21','Lead gerado automaticamente para testes','g010005',NULL,NULL,NULL,NULL,NULL,NULL,NULL,NULL,NULL,NULL,540000.00,'Evento'),('2025-12-01','QRS Ltda 56','0111301','Grandes Empresas','2','Crédito PJ','Crédito','Linha PJ','3','3','2025-12-01','Lead gerado automaticamente para testes','g010001',NULL,NULL,NULL,NULL,NULL,NULL,NULL,NULL,NULL,NULL,500000.00,'Site'),('2025-12-01','TUV S.A. 57','4120400','Médias Empresas','3','Cash Management','Relacionamento','Contas a Pagar','1','1','2025-12-06','Lead gerado automaticamente para testes','g010002',NULL,NULL,NULL,NULL,NULL,NULL,NULL,NULL,NULL,NULL,210000.00,'Indicação'),('2025-12-01','WXY Ltda 58','8520100','Pequenas Empresas','4','Captação','Captação','CDB e Isentos','4','4','2025-12-11','Lead gerado automaticamente para testes','g010003',NULL,NULL,NULL,NULL,NULL,NULL,NULL,NULL,NULL,NULL,120000.00,'Telemarketing'),('2025-12-01','ZAB ME 59','8610100','Microempresas','5','Novas Aquisições Alelo','Relacionamento',NULL,'2','0','2025-12-16','Lead gerado automaticamente para testes','g010004',NULL,NULL,NULL,NULL,NULL,NULL,NULL,NULL,NULL,NULL,80000.00,'WhatsApp');
/*!40000 ALTER TABLE `f_leads_propensos` ENABLE KEYS */;
UNLOCK TABLES;

--
-- Table structure for table `f_meta`
--

DROP TABLE IF EXISTS `f_meta`;
/*!40101 SET @saved_cs_client     = @@character_set_client */;
/*!50503 SET character_set_client = utf8mb4 */;
CREATE TABLE `f_meta` (
  `id` bigint(20) unsigned NOT NULL AUTO_INCREMENT,
  `data_meta` date NOT NULL,
  `funcional` varchar(16) COLLATE utf8_unicode_ci NOT NULL,
  `produto_id` int(11) NOT NULL,
  `meta_mensal` decimal(18,2) NOT NULL DEFAULT '0.00',
  `created_at` timestamp NOT NULL DEFAULT CURRENT_TIMESTAMP,
  `updated_at` timestamp NULL DEFAULT NULL ON UPDATE CURRENT_TIMESTAMP,
  PRIMARY KEY (`id`),
  KEY `ix_meta_data` (`data_meta`),
  KEY `ix_meta_func_data` (`funcional`,`data_meta`),
  KEY `fk_f_meta__produto` (`produto_id`),
  CONSTRAINT `fk_f_meta__d_estrutura` FOREIGN KEY (`funcional`) REFERENCES `d_estrutura` (`funcional`),
  CONSTRAINT `fk_f_meta__produto` FOREIGN KEY (`produto_id`) REFERENCES `d_produtos` (`id`),
  CONSTRAINT `fk_fm_cal` FOREIGN KEY (`data_meta`) REFERENCES `d_calendario` (`data`)
) ENGINE=InnoDB AUTO_INCREMENT=2923 DEFAULT CHARSET=utf8 COLLATE=utf8_unicode_ci;
/*!40101 SET character_set_client = @saved_cs_client */;

--
-- Dumping data for table `f_meta`
--

LOCK TABLES `f_meta` WRITE;
/*!40000 ALTER TABLE `f_meta` DISABLE KEYS */;
INSERT INTO `f_meta` VALUES (2595,'2025-12-01','G123456',6,50000.00,'2025-12-08 02:52:15',NULL),(2596,'2025-12-01','G123456',7,30000.00,'2025-12-08 02:52:15',NULL),(2597,'2025-12-01','G123456',8,40000.00,'2025-12-08 02:52:15',NULL),(2598,'2025-12-01','G123456',9,35000.00,'2025-12-08 02:52:15',NULL),(2599,'2025-12-01','G123456',10,5.00,'2025-12-08 02:52:15','2025-12-08 03:17:52'),(2600,'2025-12-01','G987654',6,45000.00,'2025-12-08 02:52:15',NULL),(2601,'2025-12-01','G987654',7,28000.00,'2025-12-08 02:52:15',NULL),(2602,'2025-12-01','G987654',8,38000.00,'2025-12-08 02:52:15',NULL),(2603,'2025-12-01','G987654',9,32000.00,'2025-12-08 02:52:15',NULL),(2604,'2025-12-01','G987654',10,5.00,'2025-12-08 02:52:15','2025-12-08 03:17:52'),(2605,'2025-12-01','G887766',6,48000.00,'2025-12-08 02:52:15',NULL),(2606,'2025-12-01','G887766',7,29000.00,'2025-12-08 02:52:15',NULL),(2607,'2025-12-01','G887766',8,39000.00,'2025-12-08 02:52:15',NULL),(2608,'2025-12-01','G887766',9,33000.00,'2025-12-08 02:52:15',NULL),(2609,'2025-12-01','G887766',10,5.00,'2025-12-08 02:52:15','2025-12-08 03:17:52'),(2610,'2025-12-01','G99999',6,52000.00,'2025-12-08 02:52:22',NULL),(2611,'2025-12-01','G99999',7,31000.00,'2025-12-08 02:52:22',NULL),(2612,'2025-12-01','G99999',8,41000.00,'2025-12-08 02:52:22',NULL),(2613,'2025-12-01','G99999',9,36000.00,'2025-12-08 02:52:22',NULL),(2614,'2025-12-01','G99999',10,6.00,'2025-12-08 02:52:22','2025-12-08 03:17:52'),(2615,'2025-12-01','G88888',6,47000.00,'2025-12-08 02:52:22',NULL),(2616,'2025-12-01','G88888',7,27000.00,'2025-12-08 02:52:22',NULL),(2617,'2025-12-01','G88888',8,37000.00,'2025-12-08 02:52:22',NULL),(2618,'2025-12-01','G88888',9,31000.00,'2025-12-08 02:52:22',NULL),(2619,'2025-12-01','G88888',10,6.00,'2025-12-08 02:52:22','2025-12-08 03:17:52'),(2620,'2025-12-01','G77777',6,49000.00,'2025-12-08 02:52:22',NULL),(2621,'2025-12-01','G77777',7,30000.00,'2025-12-08 02:52:22',NULL),(2622,'2025-12-01','G77777',8,40000.00,'2025-12-08 02:52:22',NULL),(2623,'2025-12-01','G77777',9,34000.00,'2025-12-08 02:52:22',NULL),(2624,'2025-12-01','G77777',10,6.00,'2025-12-08 02:52:22','2025-12-08 03:17:52'),(2625,'2025-12-01','G66666',6,51000.00,'2025-12-08 02:52:29',NULL),(2626,'2025-12-01','G66666',7,30500.00,'2025-12-08 02:52:29',NULL),(2627,'2025-12-01','G66666',8,40500.00,'2025-12-08 02:52:29',NULL),(2628,'2025-12-01','G66666',9,35500.00,'2025-12-08 02:52:29',NULL),(2629,'2025-12-01','G66666',10,5.00,'2025-12-08 02:52:29','2025-12-08 03:17:52'),(2630,'2025-12-01','G55555',6,46000.00,'2025-12-08 02:52:29',NULL),(2631,'2025-12-01','G55555',7,27500.00,'2025-12-08 02:52:29',NULL),(2632,'2025-12-01','G55555',8,37500.00,'2025-12-08 02:52:29',NULL),(2633,'2025-12-01','G55555',9,31500.00,'2025-12-08 02:52:29',NULL),(2634,'2025-12-01','G55555',10,5.00,'2025-12-08 02:52:29','2025-12-08 03:17:52'),(2635,'2025-12-01','G44444',6,53000.00,'2025-12-08 02:52:29',NULL),(2636,'2025-12-01','G44444',7,32000.00,'2025-12-08 02:52:29',NULL),(2637,'2025-12-01','G44444',8,42000.00,'2025-12-08 02:52:29',NULL),(2638,'2025-12-01','G44444',9,37000.00,'2025-12-08 02:52:29',NULL),(2639,'2025-12-01','G44444',10,5.00,'2025-12-08 02:52:29','2025-12-08 03:17:52'),(2640,'2025-12-01','G33333',6,44000.00,'2025-12-08 02:52:34',NULL),(2641,'2025-12-01','G33333',7,26500.00,'2025-12-08 02:52:34',NULL),(2642,'2025-12-01','G33333',8,36500.00,'2025-12-08 02:52:34',NULL),(2643,'2025-12-01','G33333',9,30500.00,'2025-12-08 02:52:34',NULL),(2644,'2025-12-01','G33333',10,5.00,'2025-12-08 02:52:34','2025-12-08 03:17:52'),(2645,'2025-12-01','G22222',6,54000.00,'2025-12-08 02:52:34',NULL),(2646,'2025-12-01','G22222',7,33000.00,'2025-12-08 02:52:34',NULL),(2647,'2025-12-01','G22222',8,43000.00,'2025-12-08 02:52:34',NULL),(2648,'2025-12-01','G22222',9,38000.00,'2025-12-08 02:52:34',NULL),(2649,'2025-12-01','G22222',10,5.00,'2025-12-08 02:52:34','2025-12-08 03:17:02'),(2650,'2025-12-01','G11111',6,43000.00,'2025-12-08 02:52:34',NULL),(2651,'2025-12-01','G11111',7,26000.00,'2025-12-08 02:52:34',NULL),(2652,'2025-12-01','G11111',8,36000.00,'2025-12-08 02:52:34',NULL),(2653,'2025-12-01','G11111',9,30000.00,'2025-12-08 02:52:34',NULL),(2654,'2025-12-01','G11111',10,5.00,'2025-12-08 02:52:34','2025-12-08 03:17:52'),(2655,'2025-12-01','G00000',6,55000.00,'2025-12-08 02:52:34',NULL),(2656,'2025-12-01','G00000',7,34000.00,'2025-12-08 02:52:34',NULL),(2657,'2025-12-01','G00000',8,44000.00,'2025-12-08 02:52:34',NULL),(2658,'2025-12-01','G00000',9,39000.00,'2025-12-08 02:52:34',NULL),(2659,'2025-12-01','G00000',10,5.00,'2025-12-08 02:52:34','2025-12-08 03:17:52'),(2660,'2025-08-01','G123456',6,42500.00,'2025-12-08 05:52:15',NULL),(2661,'2025-09-01','G123456',6,46000.00,'2025-12-08 05:52:15',NULL),(2662,'2025-10-01','G123456',6,48500.00,'2025-12-08 05:52:15',NULL),(2663,'2025-11-01','G123456',6,51500.00,'2025-12-08 05:52:15',NULL),(2664,'2025-08-01','G123456',7,25500.00,'2025-12-08 05:52:15',NULL),(2665,'2025-09-01','G123456',7,27600.00,'2025-12-08 05:52:15',NULL),(2666,'2025-10-01','G123456',7,29100.00,'2025-12-08 05:52:15',NULL),(2667,'2025-11-01','G123456',7,30900.00,'2025-12-08 05:52:15',NULL),(2668,'2025-11-01','G123456',8,40000.00,'2025-12-08 02:52:15',NULL),(2669,'2025-10-01','G123456',8,38800.00,'2025-12-08 02:52:15',NULL),(2670,'2025-09-01','G123456',8,37200.00,'2025-12-08 02:52:15',NULL),(2671,'2025-08-01','G123456',8,35200.00,'2025-12-08 02:52:15',NULL),(2672,'2025-11-01','G123456',9,35000.00,'2025-12-08 02:52:15',NULL),(2673,'2025-10-01','G123456',9,33950.00,'2025-12-08 02:52:15',NULL),(2674,'2025-09-01','G123456',9,32550.00,'2025-12-08 02:52:15',NULL),(2675,'2025-08-01','G123456',9,30800.00,'2025-12-08 02:52:15',NULL),(2676,'2025-11-01','G123456',10,5.00,'2025-12-08 02:52:15','2025-12-08 03:17:52'),(2677,'2025-10-01','G123456',10,4.85,'2025-12-08 02:52:15','2025-12-08 03:17:52'),(2678,'2025-09-01','G123456',10,4.65,'2025-12-08 02:52:15','2025-12-08 03:17:52'),(2679,'2025-08-01','G123456',10,4.40,'2025-12-08 02:52:15','2025-12-08 03:17:52'),(2680,'2025-11-01','G987654',6,45000.00,'2025-12-08 02:52:15',NULL),(2681,'2025-10-01','G987654',6,43650.00,'2025-12-08 02:52:15',NULL),(2682,'2025-09-01','G987654',6,41850.00,'2025-12-08 02:52:15',NULL),(2683,'2025-08-01','G987654',6,39600.00,'2025-12-08 02:52:15',NULL),(2684,'2025-11-01','G987654',7,28000.00,'2025-12-08 02:52:15',NULL),(2685,'2025-10-01','G987654',7,27160.00,'2025-12-08 02:52:15',NULL),(2686,'2025-09-01','G987654',7,26040.00,'2025-12-08 02:52:15',NULL),(2687,'2025-08-01','G987654',7,24640.00,'2025-12-08 02:52:15',NULL),(2688,'2025-11-01','G987654',8,38000.00,'2025-12-08 02:52:15',NULL),(2689,'2025-10-01','G987654',8,36860.00,'2025-12-08 02:52:15',NULL),(2690,'2025-09-01','G987654',8,35340.00,'2025-12-08 02:52:15',NULL),(2691,'2025-08-01','G987654',8,33440.00,'2025-12-08 02:52:15',NULL),(2692,'2025-11-01','G987654',9,32000.00,'2025-12-08 02:52:15',NULL),(2693,'2025-10-01','G987654',9,31040.00,'2025-12-08 02:52:15',NULL),(2694,'2025-09-01','G987654',9,29760.00,'2025-12-08 02:52:15',NULL),(2695,'2025-08-01','G987654',9,28160.00,'2025-12-08 02:52:15',NULL),(2696,'2025-11-01','G987654',10,5.00,'2025-12-08 02:52:15','2025-12-08 03:17:52'),(2697,'2025-10-01','G987654',10,4.85,'2025-12-08 02:52:15','2025-12-08 03:17:52'),(2698,'2025-09-01','G987654',10,4.65,'2025-12-08 02:52:15','2025-12-08 03:17:52'),(2699,'2025-08-01','G987654',10,4.40,'2025-12-08 02:52:15','2025-12-08 03:17:52'),(2700,'2025-11-01','G887766',6,48000.00,'2025-12-08 02:52:15',NULL),(2701,'2025-10-01','G887766',6,46560.00,'2025-12-08 02:52:15',NULL),(2702,'2025-09-01','G887766',6,44640.00,'2025-12-08 02:52:15',NULL),(2703,'2025-08-01','G887766',6,42240.00,'2025-12-08 02:52:15',NULL),(2704,'2025-11-01','G887766',7,29000.00,'2025-12-08 02:52:15',NULL),(2705,'2025-10-01','G887766',7,28130.00,'2025-12-08 02:52:15',NULL),(2706,'2025-09-01','G887766',7,26970.00,'2025-12-08 02:52:15',NULL),(2707,'2025-08-01','G887766',7,25520.00,'2025-12-08 02:52:15',NULL),(2708,'2025-11-01','G887766',8,39000.00,'2025-12-08 02:52:15',NULL),(2709,'2025-10-01','G887766',8,37830.00,'2025-12-08 02:52:15',NULL),(2710,'2025-09-01','G887766',8,36270.00,'2025-12-08 02:52:15',NULL),(2711,'2025-08-01','G887766',8,34320.00,'2025-12-08 02:52:15',NULL),(2712,'2025-11-01','G887766',9,33000.00,'2025-12-08 02:52:15',NULL),(2713,'2025-10-01','G887766',9,32010.00,'2025-12-08 02:52:15',NULL),(2714,'2025-09-01','G887766',9,30690.00,'2025-12-08 02:52:15',NULL),(2715,'2025-08-01','G887766',9,29040.00,'2025-12-08 02:52:15',NULL),(2716,'2025-11-01','G887766',10,5.00,'2025-12-08 02:52:15','2025-12-08 03:17:52'),(2717,'2025-10-01','G887766',10,4.85,'2025-12-08 02:52:15','2025-12-08 03:17:52'),(2718,'2025-09-01','G887766',10,4.65,'2025-12-08 02:52:15','2025-12-08 03:17:52'),(2719,'2025-08-01','G887766',10,4.40,'2025-12-08 02:52:15','2025-12-08 03:17:52'),(2720,'2025-11-01','G99999',6,52000.00,'2025-12-08 02:52:22',NULL),(2721,'2025-10-01','G99999',6,50440.00,'2025-12-08 02:52:22',NULL),(2722,'2025-09-01','G99999',6,48360.00,'2025-12-08 02:52:22',NULL),(2723,'2025-08-01','G99999',6,45760.00,'2025-12-08 02:52:22',NULL),(2724,'2025-11-01','G99999',7,31000.00,'2025-12-08 02:52:22',NULL),(2725,'2025-10-01','G99999',7,30070.00,'2025-12-08 02:52:22',NULL),(2726,'2025-09-01','G99999',7,28830.00,'2025-12-08 02:52:22',NULL),(2727,'2025-08-01','G99999',7,27280.00,'2025-12-08 02:52:22',NULL),(2728,'2025-11-01','G99999',8,41000.00,'2025-12-08 02:52:22',NULL),(2729,'2025-10-01','G99999',8,39770.00,'2025-12-08 02:52:22',NULL),(2730,'2025-09-01','G99999',8,38130.00,'2025-12-08 02:52:22',NULL),(2731,'2025-08-01','G99999',8,36080.00,'2025-12-08 02:52:22',NULL),(2732,'2025-11-01','G99999',9,36000.00,'2025-12-08 02:52:22',NULL),(2733,'2025-10-01','G99999',9,34920.00,'2025-12-08 02:52:22',NULL),(2734,'2025-09-01','G99999',9,33480.00,'2025-12-08 02:52:22',NULL),(2735,'2025-08-01','G99999',9,31680.00,'2025-12-08 02:52:22',NULL),(2736,'2025-11-01','G99999',10,6.00,'2025-12-08 02:52:22','2025-12-08 03:17:52'),(2737,'2025-10-01','G99999',10,5.82,'2025-12-08 02:52:22','2025-12-08 03:17:52'),(2738,'2025-09-01','G99999',10,5.58,'2025-12-08 02:52:22','2025-12-08 03:17:52'),(2739,'2025-08-01','G99999',10,5.28,'2025-12-08 02:52:22','2025-12-08 03:17:52'),(2740,'2025-11-01','G88888',6,47000.00,'2025-12-08 02:52:22',NULL),(2741,'2025-10-01','G88888',6,45590.00,'2025-12-08 02:52:22',NULL),(2742,'2025-09-01','G88888',6,43710.00,'2025-12-08 02:52:22',NULL),(2743,'2025-08-01','G88888',6,41360.00,'2025-12-08 02:52:22',NULL),(2744,'2025-11-01','G88888',7,27000.00,'2025-12-08 02:52:22',NULL),(2745,'2025-10-01','G88888',7,26190.00,'2025-12-08 02:52:22',NULL),(2746,'2025-09-01','G88888',7,25110.00,'2025-12-08 02:52:22',NULL),(2747,'2025-08-01','G88888',7,23760.00,'2025-12-08 02:52:22',NULL),(2748,'2025-11-01','G88888',8,37000.00,'2025-12-08 02:52:22',NULL),(2749,'2025-10-01','G88888',8,35890.00,'2025-12-08 02:52:22',NULL),(2750,'2025-09-01','G88888',8,34410.00,'2025-12-08 02:52:22',NULL),(2751,'2025-08-01','G88888',8,32560.00,'2025-12-08 02:52:22',NULL),(2752,'2025-11-01','G88888',9,31000.00,'2025-12-08 02:52:22',NULL),(2753,'2025-10-01','G88888',9,30070.00,'2025-12-08 02:52:22',NULL),(2754,'2025-09-01','G88888',9,28830.00,'2025-12-08 02:52:22',NULL),(2755,'2025-08-01','G88888',9,27280.00,'2025-12-08 02:52:22',NULL),(2756,'2025-11-01','G88888',10,6.00,'2025-12-08 02:52:22','2025-12-08 03:17:52'),(2757,'2025-10-01','G88888',10,5.82,'2025-12-08 02:52:22','2025-12-08 03:17:52'),(2758,'2025-09-01','G88888',10,5.58,'2025-12-08 02:52:22','2025-12-08 03:17:52'),(2759,'2025-08-01','G88888',10,5.28,'2025-12-08 02:52:22','2025-12-08 03:17:52'),(2760,'2025-11-01','G77777',6,49000.00,'2025-12-08 02:52:22',NULL),(2761,'2025-10-01','G77777',6,47530.00,'2025-12-08 02:52:22',NULL),(2762,'2025-09-01','G77777',6,45570.00,'2025-12-08 02:52:22',NULL),(2763,'2025-08-01','G77777',6,43120.00,'2025-12-08 02:52:22',NULL),(2764,'2025-11-01','G77777',7,30000.00,'2025-12-08 02:52:22',NULL),(2765,'2025-10-01','G77777',7,29100.00,'2025-12-08 02:52:22',NULL),(2766,'2025-09-01','G77777',7,27900.00,'2025-12-08 02:52:22',NULL),(2767,'2025-08-01','G77777',7,26400.00,'2025-12-08 02:52:22',NULL),(2768,'2025-11-01','G77777',8,40000.00,'2025-12-08 02:52:22',NULL),(2769,'2025-10-01','G77777',8,38800.00,'2025-12-08 02:52:22',NULL),(2770,'2025-09-01','G77777',8,37200.00,'2025-12-08 02:52:22',NULL),(2771,'2025-08-01','G77777',8,35200.00,'2025-12-08 02:52:22',NULL),(2772,'2025-11-01','G77777',9,34000.00,'2025-12-08 02:52:22',NULL),(2773,'2025-10-01','G77777',9,32980.00,'2025-12-08 02:52:22',NULL),(2774,'2025-09-01','G77777',9,31620.00,'2025-12-08 02:52:22',NULL),(2775,'2025-08-01','G77777',9,29920.00,'2025-12-08 02:52:22',NULL),(2776,'2025-11-01','G77777',10,6.00,'2025-12-08 02:52:22','2025-12-08 03:17:52'),(2777,'2025-10-01','G77777',10,5.82,'2025-12-08 02:52:22','2025-12-08 03:17:52'),(2778,'2025-09-01','G77777',10,5.58,'2025-12-08 02:52:22','2025-12-08 03:17:52'),(2779,'2025-08-01','G77777',10,5.28,'2025-12-08 02:52:22','2025-12-08 03:17:52'),(2780,'2025-11-01','G66666',6,51000.00,'2025-12-08 02:52:29',NULL),(2781,'2025-10-01','G66666',6,49470.00,'2025-12-08 02:52:29',NULL),(2782,'2025-09-01','G66666',6,47430.00,'2025-12-08 02:52:29',NULL),(2783,'2025-08-01','G66666',6,44880.00,'2025-12-08 02:52:29',NULL),(2784,'2025-11-01','G66666',7,30500.00,'2025-12-08 02:52:29',NULL),(2785,'2025-10-01','G66666',7,29585.00,'2025-12-08 02:52:29',NULL),(2786,'2025-09-01','G66666',7,28365.00,'2025-12-08 02:52:29',NULL),(2787,'2025-08-01','G66666',7,26840.00,'2025-12-08 02:52:29',NULL),(2788,'2025-11-01','G66666',8,40500.00,'2025-12-08 02:52:29',NULL),(2789,'2025-10-01','G66666',8,39285.00,'2025-12-08 02:52:29',NULL),(2790,'2025-09-01','G66666',8,37665.00,'2025-12-08 02:52:29',NULL),(2791,'2025-08-01','G66666',8,35640.00,'2025-12-08 02:52:29',NULL),(2792,'2025-11-01','G66666',9,35500.00,'2025-12-08 02:52:29',NULL),(2793,'2025-10-01','G66666',9,34435.00,'2025-12-08 02:52:29',NULL),(2794,'2025-09-01','G66666',9,33015.00,'2025-12-08 02:52:29',NULL),(2795,'2025-08-01','G66666',9,31240.00,'2025-12-08 02:52:29',NULL),(2796,'2025-11-01','G66666',10,5.00,'2025-12-08 02:52:29','2025-12-08 03:17:52'),(2797,'2025-10-01','G66666',10,4.85,'2025-12-08 02:52:29','2025-12-08 03:17:52'),(2798,'2025-09-01','G66666',10,4.65,'2025-12-08 02:52:29','2025-12-08 03:17:52'),(2799,'2025-08-01','G66666',10,4.40,'2025-12-08 02:52:29','2025-12-08 03:17:52'),(2800,'2025-11-01','G55555',6,46000.00,'2025-12-08 02:52:29',NULL),(2801,'2025-10-01','G55555',6,44620.00,'2025-12-08 02:52:29',NULL),(2802,'2025-09-01','G55555',6,42780.00,'2025-12-08 02:52:29',NULL),(2803,'2025-08-01','G55555',6,40480.00,'2025-12-08 02:52:29',NULL),(2804,'2025-11-01','G55555',7,27500.00,'2025-12-08 02:52:29',NULL),(2805,'2025-10-01','G55555',7,26675.00,'2025-12-08 02:52:29',NULL),(2806,'2025-09-01','G55555',7,25575.00,'2025-12-08 02:52:29',NULL),(2807,'2025-08-01','G55555',7,24200.00,'2025-12-08 02:52:29',NULL),(2808,'2025-11-01','G55555',8,37500.00,'2025-12-08 02:52:29',NULL),(2809,'2025-10-01','G55555',8,36375.00,'2025-12-08 02:52:29',NULL),(2810,'2025-09-01','G55555',8,34875.00,'2025-12-08 02:52:29',NULL),(2811,'2025-08-01','G55555',8,33000.00,'2025-12-08 02:52:29',NULL),(2812,'2025-11-01','G55555',9,31500.00,'2025-12-08 02:52:29',NULL),(2813,'2025-10-01','G55555',9,30555.00,'2025-12-08 02:52:29',NULL),(2814,'2025-09-01','G55555',9,29295.00,'2025-12-08 02:52:29',NULL),(2815,'2025-08-01','G55555',9,27720.00,'2025-12-08 02:52:29',NULL),(2816,'2025-11-01','G55555',10,5.00,'2025-12-08 02:52:29','2025-12-08 03:17:52'),(2817,'2025-10-01','G55555',10,4.85,'2025-12-08 02:52:29','2025-12-08 03:17:52'),(2818,'2025-09-01','G55555',10,4.65,'2025-12-08 02:52:29','2025-12-08 03:17:52'),(2819,'2025-08-01','G55555',10,4.40,'2025-12-08 02:52:29','2025-12-08 03:17:52'),(2820,'2025-11-01','G44444',6,53000.00,'2025-12-08 02:52:29',NULL),(2821,'2025-10-01','G44444',6,51410.00,'2025-12-08 02:52:29',NULL),(2822,'2025-09-01','G44444',6,49290.00,'2025-12-08 02:52:29',NULL),(2823,'2025-08-01','G44444',6,46640.00,'2025-12-08 02:52:29',NULL),(2824,'2025-11-01','G44444',7,32000.00,'2025-12-08 02:52:29',NULL),(2825,'2025-10-01','G44444',7,31040.00,'2025-12-08 02:52:29',NULL),(2826,'2025-09-01','G44444',7,29760.00,'2025-12-08 02:52:29',NULL),(2827,'2025-08-01','G44444',7,28160.00,'2025-12-08 02:52:29',NULL),(2828,'2025-11-01','G44444',8,42000.00,'2025-12-08 02:52:29',NULL),(2829,'2025-10-01','G44444',8,40740.00,'2025-12-08 02:52:29',NULL),(2830,'2025-09-01','G44444',8,39060.00,'2025-12-08 02:52:29',NULL),(2831,'2025-08-01','G44444',8,36960.00,'2025-12-08 02:52:29',NULL),(2832,'2025-11-01','G44444',9,37000.00,'2025-12-08 02:52:29',NULL),(2833,'2025-10-01','G44444',9,35890.00,'2025-12-08 02:52:29',NULL),(2834,'2025-09-01','G44444',9,34410.00,'2025-12-08 02:52:29',NULL),(2835,'2025-08-01','G44444',9,32560.00,'2025-12-08 02:52:29',NULL),(2836,'2025-11-01','G44444',10,5.00,'2025-12-08 02:52:29','2025-12-08 03:17:52'),(2837,'2025-10-01','G44444',10,4.85,'2025-12-08 02:52:29','2025-12-08 03:17:52'),(2838,'2025-09-01','G44444',10,4.65,'2025-12-08 02:52:29','2025-12-08 03:17:52'),(2839,'2025-08-01','G44444',10,4.40,'2025-12-08 02:52:29','2025-12-08 03:17:52'),(2840,'2025-11-01','G33333',6,44000.00,'2025-12-08 02:52:34',NULL),(2841,'2025-10-01','G33333',6,42680.00,'2025-12-08 02:52:34',NULL),(2842,'2025-09-01','G33333',6,40920.00,'2025-12-08 02:52:34',NULL),(2843,'2025-08-01','G33333',6,38720.00,'2025-12-08 02:52:34',NULL),(2844,'2025-11-01','G33333',7,26500.00,'2025-12-08 02:52:34',NULL),(2845,'2025-10-01','G33333',7,25705.00,'2025-12-08 02:52:34',NULL),(2846,'2025-09-01','G33333',7,24645.00,'2025-12-08 02:52:34',NULL),(2847,'2025-08-01','G33333',7,23320.00,'2025-12-08 02:52:34',NULL),(2848,'2025-11-01','G33333',8,36500.00,'2025-12-08 02:52:34',NULL),(2849,'2025-10-01','G33333',8,35405.00,'2025-12-08 02:52:34',NULL),(2850,'2025-09-01','G33333',8,33945.00,'2025-12-08 02:52:34',NULL),(2851,'2025-08-01','G33333',8,32120.00,'2025-12-08 02:52:34',NULL),(2852,'2025-11-01','G33333',9,30500.00,'2025-12-08 02:52:34',NULL),(2853,'2025-10-01','G33333',9,29585.00,'2025-12-08 02:52:34',NULL),(2854,'2025-09-01','G33333',9,28365.00,'2025-12-08 02:52:34',NULL),(2855,'2025-08-01','G33333',9,26840.00,'2025-12-08 02:52:34',NULL),(2856,'2025-11-01','G33333',10,5.00,'2025-12-08 02:52:34','2025-12-08 03:17:52'),(2857,'2025-10-01','G33333',10,4.85,'2025-12-08 02:52:34','2025-12-08 03:17:52'),(2858,'2025-09-01','G33333',10,4.65,'2025-12-08 02:52:34','2025-12-08 03:17:52'),(2859,'2025-08-01','G33333',10,4.40,'2025-12-08 02:52:34','2025-12-08 03:17:52'),(2860,'2025-11-01','G22222',6,54000.00,'2025-12-08 02:52:34',NULL),(2861,'2025-10-01','G22222',6,52380.00,'2025-12-08 02:52:34',NULL),(2862,'2025-09-01','G22222',6,50220.00,'2025-12-08 02:52:34',NULL),(2863,'2025-08-01','G22222',6,47520.00,'2025-12-08 02:52:34',NULL),(2864,'2025-11-01','G22222',7,33000.00,'2025-12-08 02:52:34',NULL),(2865,'2025-10-01','G22222',7,32010.00,'2025-12-08 02:52:34',NULL),(2866,'2025-09-01','G22222',7,30690.00,'2025-12-08 02:52:34',NULL),(2867,'2025-08-01','G22222',7,29040.00,'2025-12-08 02:52:34',NULL),(2868,'2025-11-01','G22222',8,43000.00,'2025-12-08 02:52:34',NULL),(2869,'2025-10-01','G22222',8,41710.00,'2025-12-08 02:52:34',NULL),(2870,'2025-09-01','G22222',8,39990.00,'2025-12-08 02:52:34',NULL),(2871,'2025-08-01','G22222',8,37840.00,'2025-12-08 02:52:34',NULL),(2872,'2025-11-01','G22222',9,38000.00,'2025-12-08 02:52:34',NULL),(2873,'2025-10-01','G22222',9,36860.00,'2025-12-08 02:52:34',NULL),(2874,'2025-09-01','G22222',9,35340.00,'2025-12-08 02:52:34',NULL),(2875,'2025-08-01','G22222',9,33440.00,'2025-12-08 02:52:34',NULL),(2876,'2025-11-01','G22222',10,5.00,'2025-12-08 02:52:34','2025-12-08 03:17:02'),(2877,'2025-10-01','G22222',10,4.85,'2025-12-08 02:52:34','2025-12-08 03:17:02'),(2878,'2025-09-01','G22222',10,4.65,'2025-12-08 02:52:34','2025-12-08 03:17:02'),(2879,'2025-08-01','G22222',10,4.40,'2025-12-08 02:52:34','2025-12-08 03:17:02'),(2880,'2025-11-01','G11111',6,43000.00,'2025-12-08 02:52:34',NULL),(2881,'2025-10-01','G11111',6,41710.00,'2025-12-08 02:52:34',NULL),(2882,'2025-09-01','G11111',6,39990.00,'2025-12-08 02:52:34',NULL),(2883,'2025-08-01','G11111',6,37840.00,'2025-12-08 02:52:34',NULL),(2884,'2025-11-01','G11111',7,26000.00,'2025-12-08 02:52:34',NULL),(2885,'2025-10-01','G11111',7,25220.00,'2025-12-08 02:52:34',NULL),(2886,'2025-09-01','G11111',7,24180.00,'2025-12-08 02:52:34',NULL),(2887,'2025-08-01','G11111',7,22880.00,'2025-12-08 02:52:34',NULL),(2888,'2025-11-01','G11111',8,36000.00,'2025-12-08 02:52:34',NULL),(2889,'2025-10-01','G11111',8,34920.00,'2025-12-08 02:52:34',NULL),(2890,'2025-09-01','G11111',8,33480.00,'2025-12-08 02:52:34',NULL),(2891,'2025-08-01','G11111',8,31680.00,'2025-12-08 02:52:34',NULL),(2892,'2025-11-01','G11111',9,30000.00,'2025-12-08 02:52:34',NULL),(2893,'2025-10-01','G11111',9,29100.00,'2025-12-08 02:52:34',NULL),(2894,'2025-09-01','G11111',9,27900.00,'2025-12-08 02:52:34',NULL),(2895,'2025-08-01','G11111',9,26400.00,'2025-12-08 02:52:34',NULL),(2896,'2025-11-01','G11111',10,5.00,'2025-12-08 02:52:34','2025-12-08 03:17:52'),(2897,'2025-10-01','G11111',10,4.85,'2025-12-08 02:52:34','2025-12-08 03:17:52'),(2898,'2025-09-01','G11111',10,4.65,'2025-12-08 02:52:34','2025-12-08 03:17:52'),(2899,'2025-08-01','G11111',10,4.40,'2025-12-08 02:52:34','2025-12-08 03:17:52'),(2900,'2025-11-01','G00000',6,55000.00,'2025-12-08 02:52:34',NULL),(2901,'2025-10-01','G00000',6,53350.00,'2025-12-08 02:52:34',NULL),(2902,'2025-09-01','G00000',6,51150.00,'2025-12-08 02:52:34',NULL),(2903,'2025-08-01','G00000',6,48400.00,'2025-12-08 02:52:34',NULL),(2904,'2025-11-01','G00000',7,34000.00,'2025-12-08 02:52:34',NULL),(2905,'2025-10-01','G00000',7,32980.00,'2025-12-08 02:52:34',NULL),(2906,'2025-09-01','G00000',7,31620.00,'2025-12-08 02:52:34',NULL),(2907,'2025-08-01','G00000',7,29920.00,'2025-12-08 02:52:34',NULL),(2908,'2025-11-01','G00000',8,44000.00,'2025-12-08 02:52:34',NULL),(2909,'2025-10-01','G00000',8,42680.00,'2025-12-08 02:52:34',NULL),(2910,'2025-09-01','G00000',8,40920.00,'2025-12-08 02:52:34',NULL),(2911,'2025-08-01','G00000',8,38720.00,'2025-12-08 02:52:34',NULL),(2912,'2025-11-01','G00000',9,39000.00,'2025-12-08 02:52:34',NULL),(2913,'2025-10-01','G00000',9,37830.00,'2025-12-08 02:52:34',NULL),(2914,'2025-09-01','G00000',9,36270.00,'2025-12-08 02:52:34',NULL),(2915,'2025-08-01','G00000',9,34320.00,'2025-12-08 02:52:34',NULL),(2916,'2025-11-01','G00000',10,5.00,'2025-12-08 02:52:34','2025-12-08 03:17:52'),(2917,'2025-10-01','G00000',10,4.85,'2025-12-08 02:52:34','2025-12-08 03:17:52'),(2918,'2025-09-01','G00000',10,4.65,'2025-12-08 02:52:34','2025-12-08 03:17:52'),(2919,'2025-08-01','G00000',10,4.40,'2025-12-08 02:52:34','2025-12-08 03:17:52');
/*!40000 ALTER TABLE `f_meta` ENABLE KEYS */;
UNLOCK TABLES;

--
-- Table structure for table `f_pontos`
--

DROP TABLE IF EXISTS `f_pontos`;
/*!40101 SET @saved_cs_client     = @@character_set_client */;
/*!50503 SET character_set_client = utf8mb4 */;
CREATE TABLE `f_pontos` (
  `id` bigint(20) unsigned NOT NULL AUTO_INCREMENT,
  `funcional` varchar(20) COLLATE utf8_unicode_ci NOT NULL,
  `produto_id` int(11) NOT NULL,
  `meta` decimal(18,2) NOT NULL DEFAULT '0.00',
  `realizado` decimal(18,2) NOT NULL DEFAULT '0.00',
  `data_realizado` date DEFAULT NULL,
  `dt_atualizacao` datetime NOT NULL DEFAULT CURRENT_TIMESTAMP ON UPDATE CURRENT_TIMESTAMP,
  PRIMARY KEY (`id`),
  KEY `idx_fp_funcional` (`funcional`),
  KEY `idx_fp_produto` (`produto_id`),
  KEY `idx_fp_data_realizado` (`data_realizado`),
  CONSTRAINT `fk_fpontos_calendario` FOREIGN KEY (`data_realizado`) REFERENCES `d_calendario` (`data`) ON UPDATE CASCADE,
  CONSTRAINT `fk_fpontos_estrutura` FOREIGN KEY (`funcional`) REFERENCES `d_estrutura` (`funcional`) ON UPDATE CASCADE,
  CONSTRAINT `fk_fpontos_produto` FOREIGN KEY (`produto_id`) REFERENCES `d_produtos` (`id`) ON UPDATE CASCADE
) ENGINE=InnoDB AUTO_INCREMENT=2035 DEFAULT CHARSET=utf8 COLLATE=utf8_unicode_ci;
/*!40101 SET character_set_client = @saved_cs_client */;

--
-- Dumping data for table `f_pontos`
--

LOCK TABLES `f_pontos` WRITE;
/*!40000 ALTER TABLE `f_pontos` DISABLE KEYS */;
INSERT INTO `f_pontos` VALUES (1962,'G123456',6,5.00,4.50,'2025-12-05','2025-12-08 11:05:48'),(1963,'G123456',7,3.00,2.80,'2025-12-05','2025-12-08 11:05:48'),(1964,'G123456',8,4.00,3.80,'2025-12-05','2025-12-08 11:05:48'),(1965,'G123456',9,3.50,3.20,'2025-12-05','2025-12-08 11:05:48'),(1966,'G123456',10,2.50,2.30,'2025-12-05','2025-12-08 11:05:48'),(1967,'G987654',6,4.50,4.20,'2025-12-06','2025-12-08 11:05:48'),(1968,'G987654',7,2.80,2.60,'2025-12-06','2025-12-08 11:05:48'),(1969,'G987654',8,3.80,3.50,'2025-12-06','2025-12-08 11:05:48'),(1970,'G987654',9,3.20,3.00,'2025-12-06','2025-12-08 11:05:48'),(1971,'G987654',10,2.20,2.00,'2025-12-06','2025-12-08 11:05:48'),(1972,'G887766',6,4.80,4.40,'2025-12-07','2025-12-08 11:05:48'),(1973,'G887766',7,2.90,2.70,'2025-12-07','2025-12-08 11:05:48'),(1974,'G887766',8,3.90,3.60,'2025-12-07','2025-12-08 11:05:48'),(1975,'G887766',9,3.30,3.10,'2025-12-07','2025-12-08 11:05:48'),(1976,'G887766',10,2.30,2.10,'2025-12-07','2025-12-08 11:05:48'),(1977,'G99999',6,5.20,4.80,'2025-12-07','2025-12-08 11:05:48'),(1978,'G99999',7,3.10,2.90,'2025-12-08','2025-12-08 11:05:48'),(1979,'G99999',8,4.10,3.90,'2025-12-08','2025-12-08 11:05:48'),(1980,'G99999',9,3.60,3.40,'2025-12-08','2025-12-08 11:05:48'),(1981,'G99999',10,2.60,2.40,'2025-12-08','2025-12-08 11:05:48'),(1982,'G88888',6,4.70,4.30,'2025-12-01','2025-12-08 11:05:48'),(1983,'G88888',7,2.70,2.50,'2025-12-01','2025-12-08 11:05:48'),(1984,'G88888',8,3.70,3.40,'2025-12-01','2025-12-08 11:05:48'),(1985,'G88888',9,3.10,2.90,'2025-12-01','2025-12-08 11:05:48'),(1986,'G88888',10,2.10,1.90,'2025-12-01','2025-12-08 11:05:48'),(1987,'G77777',6,4.90,4.50,'2025-12-02','2025-12-08 11:05:48'),(1988,'G77777',7,3.00,2.80,'2025-12-02','2025-12-08 11:05:48'),(1989,'G77777',8,4.00,3.70,'2025-12-02','2025-12-08 11:05:48'),(1990,'G77777',9,3.40,3.20,'2025-12-02','2025-12-08 11:05:48'),(1991,'G77777',10,2.40,2.20,'2025-12-02','2025-12-08 11:05:48'),(1992,'G66666',6,5.10,4.70,'2025-12-02','2025-12-08 11:05:48'),(1993,'G66666',7,3.05,2.85,'2025-12-02','2025-12-08 11:05:48'),(1994,'G66666',8,4.05,3.75,'2025-12-02','2025-12-08 11:05:48'),(1995,'G66666',9,3.55,3.30,'2025-12-02','2025-12-08 11:05:48'),(1996,'G66666',10,2.55,2.35,'2025-12-02','2025-12-08 11:05:48'),(1997,'G55555',6,4.60,4.20,'2025-12-02','2025-12-08 11:05:48'),(1998,'G55555',7,2.75,2.55,'2025-12-02','2025-12-08 11:05:48'),(1999,'G55555',8,3.75,3.45,'2025-12-04','2025-12-08 11:05:48'),(2000,'G55555',9,3.15,2.95,'2025-12-04','2025-12-08 11:05:48'),(2001,'G55555',10,2.15,1.95,'2025-12-04','2025-12-08 11:05:48'),(2002,'G44444',6,5.30,4.90,'2025-12-04','2025-12-08 11:05:48'),(2003,'G44444',7,3.20,3.00,'2025-12-04','2025-12-08 11:05:48'),(2004,'G44444',8,4.20,3.90,'2025-12-04','2025-12-08 11:05:48'),(2005,'G44444',9,3.70,3.50,'2025-12-04','2025-12-08 11:05:48'),(2006,'G44444',10,2.70,2.50,'2025-12-04','2025-12-08 11:05:48'),(2007,'G33333',6,4.40,4.00,'2025-12-04','2025-12-08 11:05:48'),(2008,'G33333',7,2.65,2.45,'2025-12-04','2025-12-08 11:05:48'),(2009,'G33333',8,3.65,3.35,'2025-12-04','2025-12-08 11:05:48'),(2010,'G33333',9,3.05,2.85,'2025-12-04','2025-12-08 11:05:48'),(2011,'G33333',10,2.05,1.85,'2025-12-04','2025-12-08 11:05:48'),(2012,'G22222',6,5.40,5.00,'2025-12-04','2025-12-08 11:05:48'),(2013,'G22222',7,3.30,3.10,'2025-12-04','2025-12-08 11:05:48'),(2014,'G22222',8,4.30,4.00,'2025-12-04','2025-12-08 11:05:48'),(2015,'G22222',9,3.80,3.60,'2025-12-05','2025-12-08 11:05:48'),(2016,'G22222',10,2.80,2.60,'2025-12-05','2025-12-08 11:05:48'),(2017,'G11111',6,4.30,3.90,'2025-12-05','2025-12-08 11:05:48'),(2018,'G11111',7,2.60,2.40,'2025-12-05','2025-12-08 11:05:48'),(2019,'G11111',8,3.60,3.30,'2025-12-05','2025-12-08 11:05:48'),(2020,'G11111',9,3.00,2.80,'2025-12-05','2025-12-08 11:05:48'),(2021,'G11111',10,2.00,1.80,'2025-12-05','2025-12-08 11:05:48'),(2022,'G00000',6,5.50,5.10,'2025-12-05','2025-12-08 11:05:48'),(2023,'G00000',7,3.40,3.20,'2025-12-05','2025-12-08 11:05:48'),(2024,'G00000',8,4.40,4.10,'2025-12-03','2025-12-08 11:05:48'),(2025,'G00000',9,3.90,3.70,'2025-12-03','2025-12-08 11:05:48'),(2026,'G00000',10,2.90,2.70,'2025-12-03','2025-12-08 11:05:48'),(2027,'G123456',6,4.25,3.83,'2025-08-01','2025-12-08 11:05:48'),(2028,'G123456',6,4.60,4.14,'2025-09-01','2025-12-08 11:05:48'),(2029,'G123456',6,4.85,4.37,'2025-10-01','2025-12-08 11:05:48'),(2030,'G123456',6,5.15,4.64,'2025-11-01','2025-12-08 11:05:48'),(2031,'G123456',7,2.55,2.38,'2025-08-01','2025-12-08 11:05:48'),(2032,'G123456',7,2.76,2.58,'2025-09-01','2025-12-08 11:05:48'),(2033,'G123456',7,2.91,2.72,'2025-10-01','2025-12-08 11:05:48'),(2034,'G123456',7,3.09,2.89,'2025-11-01','2025-12-08 11:05:48');
/*!40000 ALTER TABLE `f_pontos` ENABLE KEYS */;
UNLOCK TABLES;

--
-- Table structure for table `f_realizados`
--

DROP TABLE IF EXISTS `f_realizados`;
/*!40101 SET @saved_cs_client     = @@character_set_client */;
/*!50503 SET character_set_client = utf8mb4 */;
CREATE TABLE `f_realizados` (
  `id` bigint(20) unsigned NOT NULL AUTO_INCREMENT,
  `id_contrato` char(10) COLLATE utf8_unicode_ci NOT NULL,
  `funcional` varchar(16) COLLATE utf8_unicode_ci NOT NULL,
  `data_realizado` date NOT NULL,
  `realizado` decimal(18,2) NOT NULL DEFAULT '0.00',
  `produto_id` int(11) DEFAULT NULL,
  PRIMARY KEY (`id`),
  KEY `idx_fr_data` (`data_realizado`),
  KEY `idx_fr_func_data` (`funcional`,`data_realizado`),
  KEY `idx_fr_contrato` (`id_contrato`),
  KEY `idx_fr_produto` (`produto_id`),
  CONSTRAINT `fk_fr_calendario` FOREIGN KEY (`data_realizado`) REFERENCES `d_calendario` (`data`) ON UPDATE CASCADE,
  CONSTRAINT `fk_fr_estrutura` FOREIGN KEY (`funcional`) REFERENCES `d_estrutura` (`funcional`) ON UPDATE CASCADE,
  CONSTRAINT `fk_fr_produto` FOREIGN KEY (`produto_id`) REFERENCES `d_produtos` (`id`) ON UPDATE CASCADE
) ENGINE=InnoDB AUTO_INCREMENT=3649 DEFAULT CHARSET=utf8 COLLATE=utf8_unicode_ci;
/*!40101 SET character_set_client = @saved_cs_client */;

--
-- Dumping data for table `f_realizados`
--

LOCK TABLES `f_realizados` WRITE;
/*!40000 ALTER TABLE `f_realizados` DISABLE KEYS */;
INSERT INTO `f_realizados` VALUES (3361,'CT001','G123456','2025-12-01',5000.00,6),(3362,'CT002','G123456','2025-12-02',3000.00,7),(3363,'CT003','G123456','2025-12-03',4000.00,8),(3364,'CT004','G987654','2025-12-04',4500.00,6),(3365,'CT005','G987654','2025-12-05',2800.00,7),(3366,'CT006','G887766','2025-12-08',4800.00,6),(3367,'CT007','G887766','2025-12-08',2900.00,7),(3368,'CT008','G99999','2025-12-08',5200.00,6),(3369,'CT009','G99999','2025-12-08',3100.00,7),(3370,'CT010','G88888','2025-12-08',4700.00,6),(3371,'CT011','G88888','2025-12-08',2700.00,7),(3372,'CT012','G77777','2025-12-08',4900.00,6),(3373,'CT013','G77777','2025-12-08',3000.00,7),(3374,'CT014','G66666','2025-12-08',5100.00,6),(3375,'CT015','G66666','2025-12-08',3050.00,7),(3376,'CT016','G55555','2025-12-05',4600.00,6),(3377,'CT017','G55555','2025-12-05',2750.00,7),(3378,'CT018','G44444','2025-12-05',5300.00,6),(3379,'CT019','G44444','2025-12-05',3200.00,7),(3380,'CT020','G33333','2025-12-05',4400.00,6),(3381,'CT021','G33333','2025-12-05',2650.00,7),(3382,'CT022','G22222','2025-12-02',5400.00,6),(3383,'CT023','G22222','2025-12-02',3300.00,7),(3384,'CT024','G11111','2025-12-02',4300.00,6),(3385,'CT025','G00000','2025-12-02',68.00,10),(3386,'CT026','G00000','2025-12-02',3400.00,9),(3395,'CT001','G123456','2025-11-01',4900.00,6),(3396,'CT001','G123456','2025-10-01',4750.00,6),(3397,'CT001','G123456','2025-09-01',4600.00,6),(3398,'CT001','G123456','2025-08-01',4450.00,6),(3399,'CT002','G123456','2025-11-02',2940.00,7),(3400,'CT002','G123456','2025-10-02',2850.00,7),(3401,'CT002','G123456','2025-09-02',2760.00,7),(3402,'CT002','G123456','2025-08-02',2670.00,7),(3403,'CT003','G123456','2025-11-03',3920.00,8),(3404,'CT003','G123456','2025-10-03',3800.00,8),(3405,'CT003','G123456','2025-09-03',3680.00,8),(3406,'CT003','G123456','2025-08-03',3560.00,8),(3407,'CT004','G987654','2025-11-04',4410.00,6),(3408,'CT004','G987654','2025-10-04',4275.00,6),(3409,'CT004','G987654','2025-09-04',4140.00,6),(3410,'CT004','G987654','2025-08-04',4005.00,6),(3411,'CT005','G987654','2025-11-05',2744.00,7),(3412,'CT005','G987654','2025-10-05',2660.00,7),(3413,'CT005','G987654','2025-09-05',2576.00,7),(3414,'CT005','G987654','2025-08-05',2492.00,7),(3415,'CT006','G887766','2025-11-08',4704.00,6),(3416,'CT006','G887766','2025-10-08',4560.00,6),(3417,'CT006','G887766','2025-09-08',4416.00,6),(3418,'CT006','G887766','2025-08-08',4272.00,6),(3419,'CT007','G887766','2025-11-08',2842.00,7),(3420,'CT007','G887766','2025-10-08',2755.00,7),(3421,'CT007','G887766','2025-09-08',2668.00,7),(3422,'CT007','G887766','2025-08-08',2581.00,7),(3423,'CT008','G99999','2025-11-08',5096.00,6),(3424,'CT008','G99999','2025-10-08',4940.00,6),(3425,'CT008','G99999','2025-09-08',4784.00,6),(3426,'CT008','G99999','2025-08-08',4628.00,6),(3427,'CT009','G99999','2025-11-08',3038.00,7),(3428,'CT009','G99999','2025-10-08',2945.00,7),(3429,'CT009','G99999','2025-09-08',2852.00,7),(3430,'CT009','G99999','2025-08-08',2759.00,7),(3431,'CT010','G88888','2025-11-08',4606.00,6),(3432,'CT010','G88888','2025-10-08',4465.00,6),(3433,'CT010','G88888','2025-09-08',4324.00,6),(3434,'CT010','G88888','2025-08-08',4183.00,6),(3435,'CT011','G88888','2025-11-08',2646.00,7),(3436,'CT011','G88888','2025-10-08',2565.00,7),(3437,'CT011','G88888','2025-09-08',2484.00,7),(3438,'CT011','G88888','2025-08-08',2403.00,7),(3439,'CT012','G77777','2025-11-08',4802.00,6),(3440,'CT012','G77777','2025-10-08',4655.00,6),(3441,'CT012','G77777','2025-09-08',4508.00,6),(3442,'CT012','G77777','2025-08-08',4361.00,6),(3443,'CT013','G77777','2025-11-08',2940.00,7),(3444,'CT013','G77777','2025-10-08',2850.00,7),(3445,'CT013','G77777','2025-09-08',2760.00,7),(3446,'CT013','G77777','2025-08-08',2670.00,7),(3447,'CT014','G66666','2025-11-08',4998.00,6),(3448,'CT014','G66666','2025-10-08',4845.00,6),(3449,'CT014','G66666','2025-09-08',4692.00,6),(3450,'CT014','G66666','2025-08-08',4539.00,6),(3451,'CT015','G66666','2025-11-08',2989.00,7),(3452,'CT015','G66666','2025-10-08',2897.50,7),(3453,'CT015','G66666','2025-09-08',2806.00,7),(3454,'CT015','G66666','2025-08-08',2714.50,7),(3455,'CT016','G55555','2025-11-05',4508.00,6),(3456,'CT016','G55555','2025-10-05',4370.00,6),(3457,'CT016','G55555','2025-09-05',4232.00,6),(3458,'CT016','G55555','2025-08-05',4094.00,6),(3459,'CT017','G55555','2025-11-05',2695.00,7),(3460,'CT017','G55555','2025-10-05',2612.50,7),(3461,'CT017','G55555','2025-09-05',2530.00,7),(3462,'CT017','G55555','2025-08-05',2447.50,7),(3463,'CT018','G44444','2025-11-05',5194.00,6),(3464,'CT018','G44444','2025-10-05',5035.00,6),(3465,'CT018','G44444','2025-09-05',4876.00,6),(3466,'CT018','G44444','2025-08-05',4717.00,6),(3467,'CT019','G44444','2025-11-05',3136.00,7),(3468,'CT019','G44444','2025-10-05',3040.00,7),(3469,'CT019','G44444','2025-09-05',2944.00,7),(3470,'CT019','G44444','2025-08-05',2848.00,7),(3471,'CT020','G33333','2025-11-05',4312.00,6),(3472,'CT020','G33333','2025-10-05',4180.00,6),(3473,'CT020','G33333','2025-09-05',4048.00,6),(3474,'CT020','G33333','2025-08-05',3916.00,6),(3475,'CT021','G33333','2025-11-05',2597.00,7),(3476,'CT021','G33333','2025-10-05',2517.50,7),(3477,'CT021','G33333','2025-09-05',2438.00,7),(3478,'CT021','G33333','2025-08-05',2358.50,7),(3479,'CT022','G22222','2025-11-02',5292.00,6),(3480,'CT022','G22222','2025-10-02',5130.00,6),(3481,'CT022','G22222','2025-09-02',4968.00,6),(3482,'CT022','G22222','2025-08-02',4806.00,6),(3483,'CT023','G22222','2025-11-02',3234.00,7),(3484,'CT023','G22222','2025-10-02',3135.00,7),(3485,'CT023','G22222','2025-09-02',3036.00,7),(3486,'CT023','G22222','2025-08-02',2937.00,7),(3487,'CT024','G11111','2025-11-02',4214.00,6),(3488,'CT024','G11111','2025-10-02',4085.00,6),(3489,'CT024','G11111','2025-09-02',3956.00,6),(3490,'CT024','G11111','2025-08-02',3827.00,6),(3491,'CT025','G00000','2025-11-02',66.64,10),(3492,'CT025','G00000','2025-10-02',64.60,10),(3493,'CT025','G00000','2025-09-02',62.56,10),(3494,'CT025','G00000','2025-08-02',60.52,10),(3495,'CT026','G00000','2025-11-02',3332.00,9),(3496,'CT026','G00000','2025-10-02',3230.00,9),(3497,'CT026','G00000','2025-09-02',3128.00,9),(3498,'CT026','G00000','2025-08-02',3026.00,9),(3522,'CT002','G123456','2025-08-01',0.00,7),(3523,'CT002','G123456','2025-09-01',0.00,7),(3524,'CT002','G123456','2025-10-01',0.00,7),(3525,'CT002','G123456','2025-11-01',0.00,7),(3526,'CT002','G123456','2025-12-01',0.00,7),(3527,'CT003','G123456','2025-08-01',0.00,8),(3528,'CT003','G123456','2025-09-01',0.00,8),(3529,'CT003','G123456','2025-10-01',0.00,8),(3530,'CT003','G123456','2025-11-01',0.00,8),(3531,'CT003','G123456','2025-12-01',0.00,8),(3532,'CT004','G987654','2025-08-01',0.00,6),(3533,'CT004','G987654','2025-09-01',0.00,6),(3534,'CT004','G987654','2025-10-01',0.00,6),(3535,'CT004','G987654','2025-11-01',0.00,6),(3536,'CT004','G987654','2025-12-01',0.00,6),(3537,'CT005','G987654','2025-08-01',0.00,7),(3538,'CT005','G987654','2025-09-01',0.00,7),(3539,'CT005','G987654','2025-10-01',0.00,7),(3540,'CT005','G987654','2025-11-01',0.00,7),(3541,'CT005','G987654','2025-12-01',0.00,7),(3542,'CT006','G887766','2025-08-01',0.00,6),(3543,'CT006','G887766','2025-09-01',0.00,6),(3544,'CT006','G887766','2025-10-01',0.00,6),(3545,'CT006','G887766','2025-11-01',0.00,6),(3546,'CT006','G887766','2025-12-01',0.00,6),(3547,'CT007','G887766','2025-08-01',0.00,7),(3548,'CT007','G887766','2025-09-01',0.00,7),(3549,'CT007','G887766','2025-10-01',0.00,7),(3550,'CT007','G887766','2025-11-01',0.00,7),(3551,'CT007','G887766','2025-12-01',0.00,7),(3552,'CT008','G99999','2025-08-01',0.00,6),(3553,'CT008','G99999','2025-09-01',0.00,6),(3554,'CT008','G99999','2025-10-01',0.00,6),(3555,'CT008','G99999','2025-11-01',0.00,6),(3556,'CT008','G99999','2025-12-01',0.00,6),(3557,'CT009','G99999','2025-08-01',0.00,7),(3558,'CT009','G99999','2025-09-01',0.00,7),(3559,'CT009','G99999','2025-10-01',0.00,7),(3560,'CT009','G99999','2025-11-01',0.00,7),(3561,'CT009','G99999','2025-12-01',0.00,7),(3562,'CT010','G88888','2025-08-01',0.00,6),(3563,'CT010','G88888','2025-09-01',0.00,6),(3564,'CT010','G88888','2025-10-01',0.00,6),(3565,'CT010','G88888','2025-11-01',0.00,6),(3566,'CT010','G88888','2025-12-01',0.00,6),(3567,'CT011','G88888','2025-08-01',0.00,7),(3568,'CT011','G88888','2025-09-01',0.00,7),(3569,'CT011','G88888','2025-10-01',0.00,7),(3570,'CT011','G88888','2025-11-01',0.00,7),(3571,'CT011','G88888','2025-12-01',0.00,7),(3572,'CT012','G77777','2025-08-01',0.00,6),(3573,'CT012','G77777','2025-09-01',0.00,6),(3574,'CT012','G77777','2025-10-01',0.00,6),(3575,'CT012','G77777','2025-11-01',0.00,6),(3576,'CT012','G77777','2025-12-01',0.00,6),(3577,'CT013','G77777','2025-08-01',0.00,7),(3578,'CT013','G77777','2025-09-01',0.00,7),(3579,'CT013','G77777','2025-10-01',0.00,7),(3580,'CT013','G77777','2025-11-01',0.00,7),(3581,'CT013','G77777','2025-12-01',0.00,7),(3582,'CT014','G66666','2025-08-01',0.00,6),(3583,'CT014','G66666','2025-09-01',0.00,6),(3584,'CT014','G66666','2025-10-01',0.00,6),(3585,'CT014','G66666','2025-11-01',0.00,6),(3586,'CT014','G66666','2025-12-01',0.00,6),(3587,'CT015','G66666','2025-08-01',0.00,7),(3588,'CT015','G66666','2025-09-01',0.00,7),(3589,'CT015','G66666','2025-10-01',0.00,7),(3590,'CT015','G66666','2025-11-01',0.00,7),(3591,'CT015','G66666','2025-12-01',0.00,7),(3592,'CT016','G55555','2025-08-01',0.00,6),(3593,'CT016','G55555','2025-09-01',0.00,6),(3594,'CT016','G55555','2025-10-01',0.00,6),(3595,'CT016','G55555','2025-11-01',0.00,6),(3596,'CT016','G55555','2025-12-01',0.00,6),(3597,'CT017','G55555','2025-08-01',0.00,7),(3598,'CT017','G55555','2025-09-01',0.00,7),(3599,'CT017','G55555','2025-10-01',0.00,7),(3600,'CT017','G55555','2025-11-01',0.00,7),(3601,'CT017','G55555','2025-12-01',0.00,7),(3602,'CT018','G44444','2025-08-01',0.00,6),(3603,'CT018','G44444','2025-09-01',0.00,6),(3604,'CT018','G44444','2025-10-01',0.00,6),(3605,'CT018','G44444','2025-11-01',0.00,6),(3606,'CT018','G44444','2025-12-01',0.00,6),(3607,'CT019','G44444','2025-08-01',0.00,7),(3608,'CT019','G44444','2025-09-01',0.00,7),(3609,'CT019','G44444','2025-10-01',0.00,7),(3610,'CT019','G44444','2025-11-01',0.00,7),(3611,'CT019','G44444','2025-12-01',0.00,7),(3612,'CT020','G33333','2025-08-01',0.00,6),(3613,'CT020','G33333','2025-09-01',0.00,6),(3614,'CT020','G33333','2025-10-01',0.00,6),(3615,'CT020','G33333','2025-11-01',0.00,6),(3616,'CT020','G33333','2025-12-01',0.00,6),(3617,'CT021','G33333','2025-08-01',0.00,7),(3618,'CT021','G33333','2025-09-01',0.00,7),(3619,'CT021','G33333','2025-10-01',0.00,7),(3620,'CT021','G33333','2025-11-01',0.00,7),(3621,'CT021','G33333','2025-12-01',0.00,7),(3622,'CT022','G22222','2025-08-01',0.00,6),(3623,'CT022','G22222','2025-09-01',0.00,6),(3624,'CT022','G22222','2025-10-01',0.00,6),(3625,'CT022','G22222','2025-11-01',0.00,6),(3626,'CT022','G22222','2025-12-01',0.00,6),(3627,'CT023','G22222','2025-08-01',0.00,7),(3628,'CT023','G22222','2025-09-01',0.00,7),(3629,'CT023','G22222','2025-10-01',0.00,7),(3630,'CT023','G22222','2025-11-01',0.00,7),(3631,'CT023','G22222','2025-12-01',0.00,7),(3632,'CT024','G11111','2025-08-01',0.00,6),(3633,'CT024','G11111','2025-09-01',0.00,6),(3634,'CT024','G11111','2025-10-01',0.00,6),(3635,'CT024','G11111','2025-11-01',0.00,6),(3636,'CT024','G11111','2025-12-01',0.00,6),(3637,'CT025','G00000','2025-08-01',0.00,10),(3638,'CT025','G00000','2025-09-01',0.00,10),(3639,'CT025','G00000','2025-10-01',0.00,10),(3640,'CT025','G00000','2025-11-01',0.00,10),(3641,'CT025','G00000','2025-12-01',0.00,10),(3642,'CT026','G00000','2025-08-01',0.00,9),(3643,'CT026','G00000','2025-09-01',0.00,9),(3644,'CT026','G00000','2025-10-01',0.00,9),(3645,'CT026','G00000','2025-11-01',0.00,9),(3646,'CT026','G00000','2025-12-01',0.00,9);
/*!40000 ALTER TABLE `f_realizados` ENABLE KEYS */;
UNLOCK TABLES;

--
-- Table structure for table `f_variavel`
--

DROP TABLE IF EXISTS `f_variavel`;
/*!40101 SET @saved_cs_client     = @@character_set_client */;
/*!50503 SET character_set_client = utf8mb4 */;
CREATE TABLE `f_variavel` (
  `id` bigint(20) unsigned NOT NULL AUTO_INCREMENT,
  `funcional` varchar(20) COLLATE utf8_unicode_ci NOT NULL,
  `meta` decimal(18,2) NOT NULL DEFAULT '0.00',
  `variavel` decimal(18,2) NOT NULL DEFAULT '0.00',
  `dt_atualizacao` date NOT NULL,
  PRIMARY KEY (`id`),
  KEY `idx_fv_funcional` (`funcional`),
  KEY `idx_fv_dt` (`dt_atualizacao`),
  CONSTRAINT `fk_f_variavel_calendario` FOREIGN KEY (`dt_atualizacao`) REFERENCES `d_calendario` (`data`) ON UPDATE CASCADE,
  CONSTRAINT `fk_f_variavel_estrutura` FOREIGN KEY (`funcional`) REFERENCES `d_estrutura` (`funcional`) ON UPDATE CASCADE
) ENGINE=InnoDB AUTO_INCREMENT=712 DEFAULT CHARSET=utf8 COLLATE=utf8_unicode_ci;
/*!40101 SET character_set_client = @saved_cs_client */;

--
-- Dumping data for table `f_variavel`
--

LOCK TABLES `f_variavel` WRITE;
/*!40000 ALTER TABLE `f_variavel` DISABLE KEYS */;
INSERT INTO `f_variavel` VALUES (636,'G123456',5000.00,4500.00,'2025-12-01'),(637,'G987654',4500.00,4200.00,'2025-12-01'),(638,'G887766',4800.00,4400.00,'2025-12-01'),(639,'G99999',5200.00,4800.00,'2025-12-01'),(640,'G88888',4700.00,4300.00,'2025-12-01'),(641,'G77777',4900.00,4500.00,'2025-12-01'),(642,'G66666',5100.00,4700.00,'2025-12-01'),(643,'G55555',4600.00,4200.00,'2025-12-01'),(644,'G44444',5300.00,4900.00,'2025-12-01'),(645,'G33333',4400.00,4000.00,'2025-12-01'),(646,'G22222',5400.00,5000.00,'2025-12-01'),(647,'G11111',4300.00,3900.00,'2025-12-01'),(648,'G00000',5500.00,5100.00,'2025-12-01'),(649,'G123456',4900.00,4365.00,'2025-11-01'),(650,'G123456',4750.00,4230.00,'2025-10-01'),(651,'G123456',4600.00,4050.00,'2025-09-01'),(652,'G123456',4450.00,3915.00,'2025-08-01'),(653,'G987654',4410.00,4074.00,'2025-11-01'),(654,'G987654',4275.00,3948.00,'2025-10-01'),(655,'G987654',4140.00,3780.00,'2025-09-01'),(656,'G987654',4005.00,3654.00,'2025-08-01'),(657,'G887766',4704.00,4268.00,'2025-11-01'),(658,'G887766',4560.00,4136.00,'2025-10-01'),(659,'G887766',4416.00,3960.00,'2025-09-01'),(660,'G887766',4272.00,3828.00,'2025-08-01'),(661,'G99999',5096.00,4656.00,'2025-11-01'),(662,'G99999',4940.00,4512.00,'2025-10-01'),(663,'G99999',4784.00,4320.00,'2025-09-01'),(664,'G99999',4628.00,4176.00,'2025-08-01'),(665,'G88888',4606.00,4171.00,'2025-11-01'),(666,'G88888',4465.00,4042.00,'2025-10-01'),(667,'G88888',4324.00,3870.00,'2025-09-01'),(668,'G88888',4183.00,3741.00,'2025-08-01'),(669,'G77777',4802.00,4365.00,'2025-11-01'),(670,'G77777',4655.00,4230.00,'2025-10-01'),(671,'G77777',4508.00,4050.00,'2025-09-01'),(672,'G77777',4361.00,3915.00,'2025-08-01'),(673,'G66666',4998.00,4559.00,'2025-11-01'),(674,'G66666',4845.00,4418.00,'2025-10-01'),(675,'G66666',4692.00,4230.00,'2025-09-01'),(676,'G66666',4539.00,4089.00,'2025-08-01'),(677,'G55555',4508.00,4074.00,'2025-11-01'),(678,'G55555',4370.00,3948.00,'2025-10-01'),(679,'G55555',4232.00,3780.00,'2025-09-01'),(680,'G55555',4094.00,3654.00,'2025-08-01'),(681,'G44444',5194.00,4753.00,'2025-11-01'),(682,'G44444',5035.00,4606.00,'2025-10-01'),(683,'G44444',4876.00,4410.00,'2025-09-01'),(684,'G44444',4717.00,4263.00,'2025-08-01'),(685,'G33333',4312.00,3880.00,'2025-11-01'),(686,'G33333',4180.00,3760.00,'2025-10-01'),(687,'G33333',4048.00,3600.00,'2025-09-01'),(688,'G33333',3916.00,3480.00,'2025-08-01'),(689,'G22222',5292.00,4850.00,'2025-11-01'),(690,'G22222',5130.00,4700.00,'2025-10-01'),(691,'G22222',4968.00,4500.00,'2025-09-01'),(692,'G22222',4806.00,4350.00,'2025-08-01'),(693,'G11111',4214.00,3783.00,'2025-11-01'),(694,'G11111',4085.00,3666.00,'2025-10-01'),(695,'G11111',3956.00,3510.00,'2025-09-01'),(696,'G11111',3827.00,3393.00,'2025-08-01'),(697,'G00000',5390.00,4947.00,'2025-11-01'),(698,'G00000',5225.00,4794.00,'2025-10-01'),(699,'G00000',5060.00,4590.00,'2025-09-01'),(700,'G00000',4895.00,4437.00,'2025-08-01');
/*!40000 ALTER TABLE `f_variavel` ENABLE KEYS */;
UNLOCK TABLES;

--
-- Table structure for table `familia`
--

DROP TABLE IF EXISTS `familia`;
/*!40101 SET @saved_cs_client     = @@character_set_client */;
/*!50503 SET character_set_client = utf8mb4 */;
CREATE TABLE `familia` (
  `id` int(11) NOT NULL AUTO_INCREMENT,
  `nm_familia` varchar(120) COLLATE utf8_unicode_ci NOT NULL,
  PRIMARY KEY (`id`),
  UNIQUE KEY `uq_familia` (`nm_familia`)
) ENGINE=InnoDB AUTO_INCREMENT=4 DEFAULT CHARSET=utf8 COLLATE=utf8_unicode_ci;
/*!40101 SET character_set_client = @saved_cs_client */;

--
-- Dumping data for table `familia`
--

LOCK TABLES `familia` WRITE;
/*!40000 ALTER TABLE `familia` DISABLE KEYS */;
INSERT INTO `familia` VALUES (1,'Captação'),(2,'Crédito'),(3,'Relacionamento');
/*!40000 ALTER TABLE `familia` ENABLE KEYS */;
UNLOCK TABLES;

--
-- Table structure for table `grupos`
--

DROP TABLE IF EXISTS `grupos`;
/*!40101 SET @saved_cs_client     = @@character_set_client */;
/*!50503 SET character_set_client = utf8mb4 */;
CREATE TABLE `grupos` (
  `id` int(10) unsigned NOT NULL AUTO_INCREMENT,
  `nome` varchar(255) COLLATE utf8_unicode_ci NOT NULL,
  `created_at` timestamp NOT NULL DEFAULT CURRENT_TIMESTAMP,
  `updated_at` timestamp NULL DEFAULT NULL ON UPDATE CURRENT_TIMESTAMP,
  PRIMARY KEY (`id`)
) ENGINE=InnoDB AUTO_INCREMENT=3 DEFAULT CHARSET=utf8 COLLATE=utf8_unicode_ci;
/*!40101 SET character_set_client = @saved_cs_client */;

--
-- Dumping data for table `grupos`
--

LOCK TABLES `grupos` WRITE;
/*!40000 ALTER TABLE `grupos` DISABLE KEYS */;
INSERT INTO `grupos` VALUES (1,'master','2025-12-07 15:16:00',NULL),(2,'alpha','2025-12-07 15:16:00',NULL);
/*!40000 ALTER TABLE `grupos` ENABLE KEYS */;
UNLOCK TABLES;

--
-- Table structure for table `indicador`
--

DROP TABLE IF EXISTS `indicador`;
/*!40101 SET @saved_cs_client     = @@character_set_client */;
/*!50503 SET character_set_client = utf8mb4 */;
CREATE TABLE `indicador` (
  `id` int(11) NOT NULL AUTO_INCREMENT,
  `nm_indicador` varchar(120) COLLATE utf8_unicode_ci NOT NULL,
  `familia_id` int(11) DEFAULT NULL,
  PRIMARY KEY (`id`),
  UNIQUE KEY `uq_indicador` (`nm_indicador`),
  KEY `indicador_familia_FK` (`familia_id`),
  CONSTRAINT `indicador_familia_FK` FOREIGN KEY (`familia_id`) REFERENCES `familia` (`id`)
) ENGINE=InnoDB AUTO_INCREMENT=5 DEFAULT CHARSET=utf8 COLLATE=utf8_unicode_ci;
/*!40101 SET character_set_client = @saved_cs_client */;

--
-- Dumping data for table `indicador`
--

LOCK TABLES `indicador` WRITE;
/*!40000 ALTER TABLE `indicador` DISABLE KEYS */;
INSERT INTO `indicador` VALUES (1,'Cash - Contas a Pagar e Contas a Receber',3),(2,'Novas Aquisições Alelo',3),(3,'Produção de Crédito PJ',2),(4,'Captação Bruta',1);
/*!40000 ALTER TABLE `indicador` ENABLE KEYS */;
UNLOCK TABLES;

--
-- Table structure for table `migration_versions`
--

DROP TABLE IF EXISTS `migration_versions`;
/*!40101 SET @saved_cs_client     = @@character_set_client */;
/*!50503 SET character_set_client = utf8mb4 */;
CREATE TABLE `migration_versions` (
  `version` varchar(14) COLLATE utf8_unicode_ci NOT NULL,
  `executed_at` datetime NOT NULL COMMENT '(DC2Type:datetime_immutable)',
  PRIMARY KEY (`version`)
) ENGINE=InnoDB DEFAULT CHARSET=utf8 COLLATE=utf8_unicode_ci;
/*!40101 SET character_set_client = @saved_cs_client */;

--
-- Dumping data for table `migration_versions`
--

LOCK TABLES `migration_versions` WRITE;
/*!40000 ALTER TABLE `migration_versions` DISABLE KEYS */;
/*!40000 ALTER TABLE `migration_versions` ENABLE KEYS */;
UNLOCK TABLES;

--
-- Table structure for table `omega_categorias`
--

DROP TABLE IF EXISTS `omega_categorias`;
/*!40101 SET @saved_cs_client     = @@character_set_client */;
/*!50503 SET character_set_client = utf8mb4 */;
CREATE TABLE `omega_categorias` (
  `id` int(11) NOT NULL AUTO_INCREMENT,
  `departamento_id` int(11) NOT NULL,
  `nome` varchar(120) COLLATE utf8mb4_unicode_ci NOT NULL,
  `ordem` int(11) DEFAULT NULL,
  `created_at` timestamp NOT NULL DEFAULT CURRENT_TIMESTAMP,
  `updated_at` timestamp NULL DEFAULT NULL ON UPDATE CURRENT_TIMESTAMP,
  PRIMARY KEY (`id`),
  UNIQUE KEY `uq_departamento_categoria` (`departamento_id`,`nome`),
  KEY `idx_departamento_id` (`departamento_id`),
  CONSTRAINT `fk_categoria_departamento` FOREIGN KEY (`departamento_id`) REFERENCES `omega_departamentos` (`id`) ON DELETE CASCADE
) ENGINE=InnoDB AUTO_INCREMENT=14 DEFAULT CHARSET=utf8mb4 COLLATE=utf8mb4_unicode_ci;
/*!40101 SET character_set_client = @saved_cs_client */;

--
-- Dumping data for table `omega_categorias`
--

LOCK TABLES `omega_categorias` WRITE;
/*!40000 ALTER TABLE `omega_categorias` DISABLE KEYS */;
INSERT INTO `omega_categorias` VALUES (1,7,'Visão geral',0,'2025-12-04 01:39:18',NULL),(2,2,'Fila',0,'2025-12-04 01:39:18',NULL),(3,1,'Fila',1,'2025-12-04 01:39:18',NULL),(4,2,'Estudos aplicados',1,'2025-12-04 01:39:18',NULL),(5,2,'Relatórios/dashboards',2,'2025-12-04 01:39:18',NULL),(6,3,'Fila',2,'2025-12-04 01:39:18',NULL),(7,2,'Apps e aplicações',3,'2025-12-04 01:39:18',NULL),(8,4,'Fila',3,'2025-12-04 01:39:18',NULL),(9,2,'Bases',4,'2025-12-04 01:39:18',NULL),(10,6,'Fila',4,'2025-12-04 01:39:18',NULL),(11,2,'Portal PJ',5,'2025-12-04 01:39:18',NULL),(12,2,'Change',6,'2025-12-04 01:39:18',NULL),(13,5,'Fila',6,'2025-12-04 01:39:18',NULL);
/*!40000 ALTER TABLE `omega_categorias` ENABLE KEYS */;
UNLOCK TABLES;

--
-- Table structure for table `omega_chamados`
--

DROP TABLE IF EXISTS `omega_chamados`;
/*!40101 SET @saved_cs_client     = @@character_set_client */;
/*!50503 SET character_set_client = utf8mb4 */;
CREATE TABLE `omega_chamados` (
  `id` varchar(60) COLLATE utf8_unicode_ci NOT NULL,
  `subject` varchar(255) COLLATE utf8_unicode_ci DEFAULT NULL,
  `company` varchar(200) COLLATE utf8_unicode_ci DEFAULT NULL,
  `product_id` varchar(80) COLLATE utf8_unicode_ci DEFAULT NULL,
  `product_label` varchar(150) COLLATE utf8_unicode_ci DEFAULT NULL,
  `family` varchar(150) COLLATE utf8_unicode_ci DEFAULT NULL,
  `section` varchar(150) COLLATE utf8_unicode_ci DEFAULT NULL,
  `queue` varchar(120) COLLATE utf8_unicode_ci DEFAULT NULL,
  `category` varchar(120) COLLATE utf8_unicode_ci DEFAULT NULL,
  `status` varchar(40) COLLATE utf8_unicode_ci DEFAULT NULL,
  `priority` varchar(40) COLLATE utf8_unicode_ci DEFAULT NULL,
  `opened` datetime DEFAULT NULL,
  `updated` datetime DEFAULT NULL,
  `due_date` datetime DEFAULT NULL,
  `requester_id` varchar(60) COLLATE utf8_unicode_ci DEFAULT NULL,
  `owner_id` varchar(60) COLLATE utf8_unicode_ci DEFAULT NULL,
  `team_id` varchar(60) COLLATE utf8_unicode_ci DEFAULT NULL,
  `history` longtext COLLATE utf8_unicode_ci,
  `diretoria` varchar(150) COLLATE utf8_unicode_ci DEFAULT NULL,
  `gerencia` varchar(150) COLLATE utf8_unicode_ci DEFAULT NULL,
  `agencia` varchar(150) COLLATE utf8_unicode_ci DEFAULT NULL,
  `gerente_gestao` varchar(150) COLLATE utf8_unicode_ci DEFAULT NULL,
  `gerente` varchar(150) COLLATE utf8_unicode_ci DEFAULT NULL,
  `credit` varchar(100) COLLATE utf8_unicode_ci DEFAULT NULL,
  `attachment` varchar(255) COLLATE utf8_unicode_ci DEFAULT NULL,
  PRIMARY KEY (`id`),
  KEY `idx_omega_chamados_status` (`status`),
  KEY `idx_omega_chamados_team` (`team_id`),
  KEY `idx_omega_chamados_requester` (`requester_id`),
  KEY `idx_omega_chamados_owner` (`owner_id`),
  CONSTRAINT `fk_omega_chamados_owner` FOREIGN KEY (`owner_id`) REFERENCES `omega_usuarios` (`id`) ON DELETE SET NULL,
  CONSTRAINT `fk_omega_chamados_requester` FOREIGN KEY (`requester_id`) REFERENCES `omega_usuarios` (`id`) ON DELETE SET NULL,
  CONSTRAINT `fk_omega_chamados_status` FOREIGN KEY (`status`) REFERENCES `omega_status` (`id`) ON DELETE SET NULL
) ENGINE=InnoDB DEFAULT CHARSET=utf8 COLLATE=utf8_unicode_ci;
/*!40101 SET character_set_client = @saved_cs_client */;

--
-- Dumping data for table `omega_chamados`
--

LOCK TABLES `omega_chamados` WRITE;
/*!40000 ALTER TABLE `omega_chamados` DISABLE KEYS */;
INSERT INTO `omega_chamados` VALUES ('1','Fila • Capital de Giro Flex • X-Burguer','X-Burguer','capital_giro_flex','Capital de Giro Flex','Crédito PJ','Crédito','Metas','Fila','aberto','media','2025-11-06 13:56:05','2025-11-06 13:56:05',NULL,'usr-xburguer',NULL,'pobj','2025-11-06T13:56:05.052Z::usr-xburguer::Abertura do chamado::uioyj9iuio::aberto','8607',NULL,NULL,NULL,NULL,NULL,NULL),('OME-2025-0001','Abertura de conta PJ','Casa das Flores LTDA','captacao_bruta','Captação Bruta (CDB, Isentos, Fundos, Corretora e Previdência)','CAPTAÇÃO','Serviços financeiros','pobj','Recuperação de Crédito','aberto','media','2025-01-15 09:30:00','2025-01-15 09:45:00','2025-01-22 18:00:00','usr-01','usr-02','pobj','2025-01-15T09:30:00Z::usr-01::Abertura do chamado::Cliente solicitou suporte inicial.::aberto||2025-01-15T09:45:00Z::usr-02::Atendimento iniciado::Contato registrado para retorno.::em_atendimento','D.R. VAREJO DIGITAL','Regional Norte Digital','Agência 0123 Centro Digital','Maria Oliveira','João Falavinha','200000.00','briefing.pdf'),('OME-2025-0002','Migração de carteira PJ','Metalúrgica Horizonte LTDA','capital_giro_flex','Capital de Giro Flex','CAPTAÇÃO','Crédito','pobj','Centralização de Caixa (Cash)','em_atendimento','alta','2025-02-03 11:15:00','2025-02-04 16:20:00','2025-02-10 18:00:00','usr-05','usr-06','pobj','2025-02-03T11:15:00Z::usr-05::Abertura do chamado::Cliente solicitou transferência de contas.::aberto||2025-02-03T11:45:00Z::usr-06::Atendimento iniciado::Checklist enviado para validação.::em_atendimento||2025-02-04T16:20:00Z::usr-07::Aprovação do supervisor::Reforçar urgência devido ao fechamento de folha.::em_atendimento','D.R. VAREJO DIGITAL','Regional Norte Digital','Agência 0456 Distrito Tech','Maria Oliveira','João Falavinha','350000.00','checklist.pdf'),('OME-2025-0003','Revisão de meta de cartões','Loja Futuro ME','maquininha_plus','Maquininha Plus','CAPTAÇÃO','Recebíveis','pobj','Cartões','aguardando','media','2025-03-12 08:20:00','2025-03-15 10:45:00','2025-03-25 18:00:00','usr-02','usr-06','pobj','2025-03-12T08:20:00Z::usr-02::Abertura do chamado::Solicitada revisão após reorganização de carteira.::aberto||2025-03-14T09:05:00Z::usr-06::Comentário do analista::Planilha de suporte requisitada para ajuste.::aguardando','D.R. VAREJO DIGITAL','Regional Norte Digital','Agência 0789 Expansão Digital','Maria Oliveira','João Falavinha','120000.00',NULL),('OME-2025-0004','Campanha InvestFácil','Construtora Evoluir S/A','antecipacao_recebiveis','Antecipação de Recebíveis PJ','CAPTAÇÃO','Recebíveis','pobj','InvestFácil','resolvido','baixa','2025-01-28 14:00:00','2025-02-02 17:30:00','2025-02-05 18:00:00','usr-03','usr-06','pobj','2025-01-28T14:00:00Z::usr-03::Abertura do chamado::Cliente precisa de onboarding do produto.::aberto||2025-01-30T10:00:00Z::usr-06::Status atualizado::Documentação conferida e enviada para aprovação.::em_atendimento||2025-02-02T17:30:00Z::usr-06::Chamado resolvido::Integração concluída sem pendências.::resolvido','D.R. VAREJO DIGITAL','Regional Norte Digital','Agência 0456 Distrito Tech','Maria Oliveira','João Falavinha','95000.00','manual-investfacil.pdf'),('OME-2025-0005','Suporte emergencial Cash','Start PJ Digital','capital_giro_flex','Capital de Giro Flex','CAPTAÇÃO','Serviços financeiros','pobj','Sucesso de Equipe Crédito','aberto','critica','2025-04-05 09:40:00','2025-04-05 09:40:00','2025-04-12 12:00:00','usr-01',NULL,'pobj','2025-04-05T09:40:00Z::usr-01::Abertura do chamado::Falha na autorização de proposta digital para cliente estratégico.::aberto','D.R. VAREJO DIGITAL','Regional Norte Digital','Agência 0123 Centro Digital','Maria Oliveira','João Falavinha','48000.00',NULL),('OME-2025-0006','Revisão de limites PJ','Comércio do Centro LTDA','captacao_bruta','Captação Bruta (CDB, Isentos, Fundos, Corretora e Previdência)','CAPTAÇÃO','Serviços financeiros','pobj','Cartões','aguardando','media','2025-10-02 10:15:00','2025-10-02 10:15:00','2025-10-09 18:00:00','usr-xburguer','usr-02','pobj','2025-10-02T10:15:00Z::usr-xburguer::Abertura do chamado::Solicitou ajuste de limites para carteira prioritária.::aberto||2025-10-04T14:25:00Z::usr-02::Comentário do analista::Avaliação preliminar concluída, aguardando documentos.::aguardando','D.R. VAREJO DIGITAL','Regional Norte Digital','Agência 0123 Centro Digital','Maria Oliveira','X-Burguer','180000.00','limites.pdf'),('OME-2025-0007','Ajuste de metas outubro','Serviços Horizonte ME','prod_credito_pj','Produção de Crédito PJ','CAPTAÇÃO','Crédito','pobj','Metas','em_atendimento','alta','2025-10-05 09:05:00','2025-10-07 11:20:00','2025-10-11 18:00:00','usr-xburguer','usr-06','pobj','2025-10-05T09:05:00Z::usr-xburguer::Abertura do chamado::Solicita redistribuição de metas após nova carteira.::aberto||2025-10-07T11:20:00Z::usr-06::Atualização do atendimento::Revisão em andamento junto à área de metas.::em_atendimento','D.R. VAREJO DIGITAL','Regional Norte Digital','Agência 0123 Centro Digital','Maria Oliveira','X-Burguer','250000.00','ajuste-metas.xlsx'),('OME-2025-0008','Fila • Ana Souza','Ana Souza','','Fila','','','POBJ','Fila','aberto','media','2025-11-30 22:09:40','2025-11-30 22:09:40',NULL,'usr-02','usr-02','pobj','[{\"date\":\"2025-11-30T21:09:37.970Z\",\"actorId\":\"usr-02\",\"action\":\"Abertura do chamado\",\"comment\":\"Item: Empresas\\nNível: diretoria\\nRealizado: R$ 1.346.000,00\\nMeta: R$ 22.750.000,00\\nAtingimento: 5.9%\",\"status\":\"aberto\"}]','','','','','',NULL,NULL),('OME-2025-0009','Fila • X-Burguer','X-Burguer','','Fila','','','POBJ','Fila','aberto','media','2025-11-30 22:47:30','2025-11-30 22:47:30',NULL,'usr-xburguer',NULL,'pobj','[{\"date\":\"2025-11-30T21:47:28.866Z\",\"actorId\":\"usr-xburguer\",\"action\":\"Abertura do chamado\",\"comment\":\"Item: Empresas\\nNível: diretoria\\nRealizado: R$ 1.346.000,00\\nMeta: R$ 22.750.000,00\\nAtingimento: 5.9%\",\"status\":\"aberto\"}]','','','','','',NULL,NULL),('OME-2025-0010','Fila • Ana Souza','Ana Souza','','Fila','','','POBJ','Fila','aberto','media','2025-11-30 22:52:46','2025-11-30 22:52:46',NULL,'usr-02','usr-02','pobj','[{\"date\":\"2025-11-30T21:52:45.318Z\",\"actorId\":\"usr-02\",\"action\":\"Abertura do chamado\",\"comment\":\"Item: REAL_1697_CAP001_202501\\nNível: contrato\\nRealizado: R$ 56.000,00\\nMeta: R$ 2.600.000,00\\nAtingimento: 2.2%\\nGerente: José Gerente\\nCanal: Presencial\\nTipo de venda: Venda ativa\",\"status\":\"aberto\"}]','','','','','',NULL,NULL),('OME-2025-0021','Abertura de conta PJ Premium','Tech Solutions S.A.','captacao_bruta','Captação Bruta (CDB, Isentos, Fundos, Corretora e Previdência)','CAPTAÇÃO','Serviços financeiros','pobj','Fila','aberto','alta','2025-01-20 10:00:00','2025-01-20 10:15:00','2025-01-27 21:00:00','usr-25','usr-26','pobj','2025-01-20T07:00:00Z::usr-25::Abertura do chamado::Cliente premium solicitou abertura.::aberto','Grandes Empresas SP','SP Centro','Agencia SP Centro 1','gg010001','g020001','500000.00','documentos.pdf'),('OME-2025-0022','Solicitação de crédito para expansão','Comércio Varejo Ltda','capital_giro_flex','Capital de Giro Flex','Crédito PJ','Crédito','pobj','Centralização de Caixa (Cash)','em_atendimento','alta','2025-01-22 14:30:00','2025-01-23 09:20:00','2025-01-29 21:00:00','usr-26','usr-27','pobj','2025-01-22T11:30:00Z::usr-26::Abertura do chamado::Solicitação de crédito.::aberto||2025-01-23T06:20:00Z::usr-27::Atendimento iniciado::Documentação em análise.::em_atendimento','Médias Empresas Sul','Curitiba','Agencia Curitiba 1','gg010002','g030001','300000.00','proposta.pdf'),('OME-2025-0023','Migração de conta corrente','Indústria Moderna ME','captacao_bruta','Captação Bruta (CDB, Isentos, Fundos, Corretora e Previdência)','CAPTAÇÃO','Serviços financeiros','pobj','Recuperação de Crédito','aguardando','media','2025-01-25 11:00:00','2025-01-26 15:45:00','2025-02-01 21:00:00','usr-27','usr-28','pobj','2025-01-25T08:00:00Z::usr-27::Abertura do chamado::Migração solicitada.::aberto||2025-01-26T12:45:00Z::usr-28::Aguardando documentação::Aguardando envio de documentos.::aguardando','Pequenas Empresas SP','SP Pequenas Norte','Agencia SP Pequenas Norte 1','gg010003','g040001','150000.00',NULL),('OME-2025-0024','Revisão de limite de crédito','Serviços Express Ltda','capital_giro_flex','Capital de Giro Flex','Crédito PJ','Crédito','pobj','Cartões','resolvido','baixa','2025-01-18 16:00:00','2025-01-20 10:30:00','2025-01-25 21:00:00','usr-28','usr-29','pobj','2025-01-18T13:00:00Z::usr-28::Abertura do chamado::Revisão solicitada.::aberto||2025-01-19T09:00:00Z::usr-29::Em atendimento::Análise em andamento.::em_atendimento||2025-01-20T07:30:00Z::usr-29::Chamado resolvido::Limite aprovado e comunicado.::resolvido','Microempresas SP','Vila Mariana','Agencia Vila Mariana 1','gg010004','g050001','80000.00','aprovacao.pdf'),('OME-2025-0025','Abertura de conta para filial','Grupo Empresarial S.A.','captacao_bruta','Captação Bruta (CDB, Isentos, Fundos, Corretora e Previdência)','CAPTAÇÃO','Serviços financeiros','pobj','Fila','aberto','alta','2025-01-28 09:30:00','2025-01-28 09:45:00','2025-02-04 21:00:00','usr-29','usr-30','pobj','2025-01-28T06:30:00Z::usr-29::Abertura do chamado::Abertura para nova filial.::aberto','Grandes Empresas RJ','RJ Centro Empresas','Agencia RJ Centro Empresas 1',NULL,'g020003','600000.00','documentos-filial.pdf'),('OME-2025-0026','Solicitação de antecipação de recebíveis','Comércio Atacado Ltda','antecipacao_recebiveis','Antecipação de Recebíveis PJ','CAPTAÇÃO','Recebíveis','pobj','InvestFácil','em_atendimento','media','2025-01-30 13:00:00','2025-01-31 11:20:00','2025-02-06 21:00:00','usr-30','usr-31','pobj','2025-01-30T10:00:00Z::usr-30::Abertura do chamado::Antecipação solicitada.::aberto||2025-01-31T08:20:00Z::usr-31::Atendimento iniciado::Documentação em análise.::em_atendimento','Médias Empresas Sudeste','SP Médias','Agencia SP Médias 1','gg010009','g030005','250000.00','recebiveis.pdf'),('OME-2025-0027','Configuração de cash management','Empresa Logística S.A.','capital_giro_flex','Capital de Giro Flex','Crédito PJ','Crédito','pobj','Centralização de Caixa (Cash)','aguardando','alta','2025-02-01 15:00:00','2025-02-02 14:30:00','2025-02-08 21:00:00','usr-31','usr-32','pobj','2025-02-01T12:00:00Z::usr-31::Abertura do chamado::Configuração solicitada.::aberto||2025-02-02T11:30:00Z::usr-32::Aguardando aprovação::Aguardando aprovação gerencial.::aguardando','Grandes Empresas SP','Faria Lima','Agencia Faria Lima 1','gg010005','g020002','700000.00','checklist-cash.pdf'),('OME-2025-0028','Renovação de linha de crédito','Indústria Têxtil ME','capital_giro_flex','Capital de Giro Flex','Crédito PJ','Crédito','pobj','Cartões','resolvido','media','2025-01-27 10:00:00','2025-01-29 16:45:00','2025-02-03 21:00:00','usr-32','usr-33','pobj','2025-01-27T07:00:00Z::usr-32::Abertura do chamado::Renovação solicitada.::aberto||2025-01-28T09:00:00Z::usr-33::Em atendimento::Análise em andamento.::em_atendimento||2025-01-29T13:45:00Z::usr-33::Chamado resolvido::Renovação aprovada.::resolvido','Pequenas Empresas SP','SP Pequenas Sul','Agencia SP Pequenas Sul 1','gg010007','g040002','180000.00','renovacao.pdf'),('OME-2025-0029','Abertura de conta para holding','Holding Empresarial S.A.','captacao_bruta','Captação Bruta (CDB, Isentos, Fundos, Corretora e Previdência)','CAPTAÇÃO','Serviços financeiros','pobj','Fila','aberto','alta','2025-02-03 11:30:00','2025-02-03 11:45:00','2025-02-10 21:00:00','usr-33','usr-34','pobj','2025-02-03T08:30:00Z::usr-33::Abertura do chamado::Abertura para holding.::aberto','Grandes Empresas MG','MG Savassi','Agencia MG Savassi 1',NULL,'g020005','900000.00','documentos-holding.pdf'),('OME-2025-0030','Solicitação de cartões corporativos','Serviços Corporativos Ltda','maquininha_plus','Maquininha Plus','CAPTAÇÃO','Recebíveis','pobj','Cartões','em_atendimento','media','2025-02-05 14:00:00','2025-02-06 10:15:00','2025-02-12 21:00:00','usr-34','usr-35','pobj','2025-02-05T11:00:00Z::usr-34::Abertura do chamado::Cartões solicitados.::aberto||2025-02-06T07:15:00Z::usr-35::Atendimento iniciado::Processamento em andamento.::em_atendimento','Médias Empresas Nordeste','Recife','Agencia Recife 1','gg010009','g030009','200000.00','solicitacao-cartoes.pdf'),('OME-2025-0031','Fila • Captação Bruta (CDB, Isentos, Fundos, Corretora e Previdência) • Tech Solutions 1','Tech Solutions 1','captacao_bruta','Captação Bruta (CDB, Isentos, Fundos, Corretora e Previdência)','CAPTAÇÃO','Serviços financeiros','pobj','Fila','aberto','alta','2025-01-01 08:00:00','2025-01-01 08:00:00','2025-01-08 08:00:00','usr-25','usr-26','pobj','2025-01-01T08:00:00Z::usr-25::Abertura do chamado::Chamado gerado automaticamente.::aberto','Grandes Empresas SP','SP Centro','Agencia SP Centro 1',NULL,NULL,'500000',NULL),('OME-2025-0032','Centralização de Caixa (Cash) • Capital de Giro Flex • Comércio Varejo 1','Comércio Varejo 1','capital_giro_flex','Capital de Giro Flex','Crédito PJ','Crédito','pobj','Centralização de Caixa (Cash)','em_atendimento','media','2025-01-02 09:00:00','2025-01-02 11:00:00','2025-01-09 09:00:00','usr-26','usr-27','pobj','2025-01-02T09:00:00Z::usr-26::Abertura do chamado::Chamado gerado automaticamente.::em_atendimento||2025-01-02T11:00:00Z::usr-27::Status atualizado::Atualização automática.::em_atendimento','Grandes Empresas SP','SP Centro','Agencia SP Centro 1',NULL,NULL,'300000',NULL),('OME-2025-0033','Recuperação de Crédito • Antecipação de Recebíveis PJ • Indústria Moderna 1','Indústria Moderna 1','antecipacao_recebiveis','Antecipação de Recebíveis PJ','CAPTAÇÃO','Recebíveis','pobj','Recuperação de Crédito','aguardando','baixa','2025-01-03 10:00:00','2025-01-03 14:00:00','2025-01-10 10:00:00','usr-27','usr-28','pobj','2025-01-03T10:00:00Z::usr-27::Abertura do chamado::Chamado gerado automaticamente.::aguardando||2025-01-03T14:00:00Z::usr-28::Status atualizado::Atualização automática.::aguardando','Grandes Empresas SP','SP Centro','Agencia SP Centro 1',NULL,NULL,'150000',NULL),('OME-2025-0034','Cartões • Maquininha Plus • Serviços Express 1','Serviços Express 1','maquininha_plus','Maquininha Plus','CAPTAÇÃO','Recebíveis','pobj','Cartões','resolvido','alta','2025-01-04 11:00:00','2025-01-04 17:00:00','2025-01-11 11:00:00','usr-28','usr-29','pobj','2025-01-04T11:00:00Z::usr-28::Abertura do chamado::Chamado gerado automaticamente.::resolvido||2025-01-04T17:00:00Z::usr-29::Status atualizado::Atualização automática.::resolvido','Grandes Empresas SP','SP Centro','Agencia SP Centro 1',NULL,NULL,'80000',NULL),('OME-2025-0035','InvestFácil • Captação Bruta (CDB, Isentos, Fundos, Corretora e Previdência) • Grupo Empresarial 1','Grupo Empresarial 1','captacao_bruta','Captação Bruta (CDB, Isentos, Fundos, Corretora e Previdência)','CAPTAÇÃO','Serviços financeiros','pobj','InvestFácil','aberto','media','2025-01-05 12:00:00','2025-01-05 20:00:00','2025-01-12 12:00:00','usr-29','usr-30','pobj','2025-01-05T12:00:00Z::usr-29::Abertura do chamado::Chamado gerado automaticamente.::aberto','Grandes Empresas SP','SP Centro','Agencia SP Centro 1',NULL,NULL,'600000',NULL),('OME-2025-0036','Fila • Capital de Giro Flex • Comércio Atacado 1','Comércio Atacado 1','capital_giro_flex','Capital de Giro Flex','Crédito PJ','Crédito','pobj','Fila','em_atendimento','baixa','2025-01-06 13:00:00','2025-01-06 23:00:00','2025-01-13 13:00:00','usr-30','usr-31','pobj','2025-01-06T13:00:00Z::usr-30::Abertura do chamado::Chamado gerado automaticamente.::em_atendimento||2025-01-06T23:00:00Z::usr-31::Status atualizado::Atualização automática.::em_atendimento','Grandes Empresas SP','SP Centro','Agencia SP Centro 1',NULL,NULL,'250000',NULL),('OME-2025-0037','Centralização de Caixa (Cash) • Antecipação de Recebíveis PJ • Empresa Logística 1','Empresa Logística 1','antecipacao_recebiveis','Antecipação de Recebíveis PJ','CAPTAÇÃO','Recebíveis','pobj','Centralização de Caixa (Cash)','aguardando','alta','2025-01-07 14:00:00','2025-01-08 02:00:00','2025-01-14 14:00:00','usr-31','usr-32','pobj','2025-01-07T14:00:00Z::usr-31::Abertura do chamado::Chamado gerado automaticamente.::aguardando||2025-01-08T02:00:00Z::usr-32::Status atualizado::Atualização automática.::aguardando','Grandes Empresas SP','SP Centro','Agencia SP Centro 1',NULL,NULL,'700000',NULL),('OME-2025-0038','Recuperação de Crédito • Maquininha Plus • Indústria Têxtil 1','Indústria Têxtil 1','maquininha_plus','Maquininha Plus','CAPTAÇÃO','Recebíveis','pobj','Recuperação de Crédito','resolvido','media','2025-01-08 15:00:00','2025-01-09 05:00:00','2025-01-15 15:00:00','usr-32','usr-33','pobj','2025-01-08T15:00:00Z::usr-32::Abertura do chamado::Chamado gerado automaticamente.::resolvido||2025-01-09T05:00:00Z::usr-33::Status atualizado::Atualização automática.::resolvido','Grandes Empresas SP','SP Centro','Agencia SP Centro 1',NULL,NULL,'180000',NULL),('OME-2025-0039','Cartões • Captação Bruta (CDB, Isentos, Fundos, Corretora e Previdência) • Holding Empresarial 1','Holding Empresarial 1','captacao_bruta','Captação Bruta (CDB, Isentos, Fundos, Corretora e Previdência)','CAPTAÇÃO','Serviços financeiros','pobj','Cartões','aberto','baixa','2025-01-09 16:00:00','2025-01-10 08:00:00','2025-01-16 16:00:00','usr-33','usr-34','pobj','2025-01-09T16:00:00Z::usr-33::Abertura do chamado::Chamado gerado automaticamente.::aberto','Grandes Empresas SP','SP Centro','Agencia SP Centro 1',NULL,NULL,'900000',NULL),('OME-2025-0040','InvestFácil • Capital de Giro Flex • Serviços Corporativos 1','Serviços Corporativos 1','capital_giro_flex','Capital de Giro Flex','Crédito PJ','Crédito','pobj','InvestFácil','em_atendimento','alta','2025-01-10 17:00:00','2025-01-11 11:00:00','2025-01-17 17:00:00','usr-34','usr-25','pobj','2025-01-10T17:00:00Z::usr-34::Abertura do chamado::Chamado gerado automaticamente.::em_atendimento||2025-01-11T11:00:00Z::usr-25::Status atualizado::Atualização automática.::em_atendimento','Grandes Empresas SP','SP Centro','Agencia SP Centro 1',NULL,NULL,'200000',NULL),('OME-2025-0041','Fila • Captação Bruta (CDB, Isentos, Fundos, Corretora e Previdência) • Tech Solutions 2','Tech Solutions 2','captacao_bruta','Captação Bruta (CDB, Isentos, Fundos, Corretora e Previdência)','CAPTAÇÃO','Serviços financeiros','pobj','Fila','aberto','alta','2025-02-01 08:00:00','2025-02-01 08:00:00','2025-02-08 08:00:00','usr-25','usr-26','pobj','2025-02-01T08:00:00Z::usr-25::Abertura do chamado::Chamado gerado automaticamente.::aberto','Grandes Empresas SP','SP Centro','Agencia SP Centro 1',NULL,NULL,'500000',NULL),('OME-2025-0042','Centralização de Caixa (Cash) • Capital de Giro Flex • Comércio Varejo 2','Comércio Varejo 2','capital_giro_flex','Capital de Giro Flex','Crédito PJ','Crédito','pobj','Centralização de Caixa (Cash)','em_atendimento','media','2025-02-02 09:00:00','2025-02-02 11:00:00','2025-02-09 09:00:00','usr-26','usr-27','pobj','2025-02-02T09:00:00Z::usr-26::Abertura do chamado::Chamado gerado automaticamente.::em_atendimento||2025-02-02T11:00:00Z::usr-27::Status atualizado::Atualização automática.::em_atendimento','Grandes Empresas SP','SP Centro','Agencia SP Centro 1',NULL,NULL,'300000',NULL),('OME-2025-0043','Recuperação de Crédito • Antecipação de Recebíveis PJ • Indústria Moderna 2','Indústria Moderna 2','antecipacao_recebiveis','Antecipação de Recebíveis PJ','CAPTAÇÃO','Recebíveis','pobj','Recuperação de Crédito','aguardando','baixa','2025-02-03 10:00:00','2025-02-03 14:00:00','2025-02-10 10:00:00','usr-27','usr-28','pobj','2025-02-03T10:00:00Z::usr-27::Abertura do chamado::Chamado gerado automaticamente.::aguardando||2025-02-03T14:00:00Z::usr-28::Status atualizado::Atualização automática.::aguardando','Grandes Empresas SP','SP Centro','Agencia SP Centro 1',NULL,NULL,'150000',NULL),('OME-2025-0044','Cartões • Maquininha Plus • Serviços Express 2','Serviços Express 2','maquininha_plus','Maquininha Plus','CAPTAÇÃO','Recebíveis','pobj','Cartões','resolvido','alta','2025-02-04 11:00:00','2025-02-04 17:00:00','2025-02-11 11:00:00','usr-28','usr-29','pobj','2025-02-04T11:00:00Z::usr-28::Abertura do chamado::Chamado gerado automaticamente.::resolvido||2025-02-04T17:00:00Z::usr-29::Status atualizado::Atualização automática.::resolvido','Grandes Empresas SP','SP Centro','Agencia SP Centro 1',NULL,NULL,'80000',NULL),('OME-2025-0045','InvestFácil • Captação Bruta (CDB, Isentos, Fundos, Corretora e Previdência) • Grupo Empresarial 2','Grupo Empresarial 2','captacao_bruta','Captação Bruta (CDB, Isentos, Fundos, Corretora e Previdência)','CAPTAÇÃO','Serviços financeiros','pobj','InvestFácil','aberto','media','2025-02-05 12:00:00','2025-02-05 20:00:00','2025-02-12 12:00:00','usr-29','usr-30','pobj','2025-02-05T12:00:00Z::usr-29::Abertura do chamado::Chamado gerado automaticamente.::aberto','Grandes Empresas SP','SP Centro','Agencia SP Centro 1',NULL,NULL,'600000',NULL),('OME-2025-0046','Fila • Capital de Giro Flex • Comércio Atacado 2','Comércio Atacado 2','capital_giro_flex','Capital de Giro Flex','Crédito PJ','Crédito','pobj','Fila','em_atendimento','baixa','2025-02-06 13:00:00','2025-02-06 23:00:00','2025-02-13 13:00:00','usr-30','usr-31','pobj','2025-02-06T13:00:00Z::usr-30::Abertura do chamado::Chamado gerado automaticamente.::em_atendimento||2025-02-06T23:00:00Z::usr-31::Status atualizado::Atualização automática.::em_atendimento','Grandes Empresas SP','SP Centro','Agencia SP Centro 1',NULL,NULL,'250000',NULL),('OME-2025-0047','Centralização de Caixa (Cash) • Antecipação de Recebíveis PJ • Empresa Logística 2','Empresa Logística 2','antecipacao_recebiveis','Antecipação de Recebíveis PJ','CAPTAÇÃO','Recebíveis','pobj','Centralização de Caixa (Cash)','aguardando','alta','2025-02-07 14:00:00','2025-02-08 02:00:00','2025-02-14 14:00:00','usr-31','usr-32','pobj','2025-02-07T14:00:00Z::usr-31::Abertura do chamado::Chamado gerado automaticamente.::aguardando||2025-02-08T02:00:00Z::usr-32::Status atualizado::Atualização automática.::aguardando','Grandes Empresas SP','SP Centro','Agencia SP Centro 1',NULL,NULL,'700000',NULL),('OME-2025-0048','Recuperação de Crédito • Maquininha Plus • Indústria Têxtil 2','Indústria Têxtil 2','maquininha_plus','Maquininha Plus','CAPTAÇÃO','Recebíveis','pobj','Recuperação de Crédito','resolvido','media','2025-02-08 15:00:00','2025-02-09 05:00:00','2025-02-15 15:00:00','usr-32','usr-33','pobj','2025-02-08T15:00:00Z::usr-32::Abertura do chamado::Chamado gerado automaticamente.::resolvido||2025-02-09T05:00:00Z::usr-33::Status atualizado::Atualização automática.::resolvido','Grandes Empresas SP','SP Centro','Agencia SP Centro 1',NULL,NULL,'180000',NULL),('OME-2025-0049','Cartões • Captação Bruta (CDB, Isentos, Fundos, Corretora e Previdência) • Holding Empresarial 2','Holding Empresarial 2','captacao_bruta','Captação Bruta (CDB, Isentos, Fundos, Corretora e Previdência)','CAPTAÇÃO','Serviços financeiros','pobj','Cartões','aberto','baixa','2025-02-09 16:00:00','2025-02-10 08:00:00','2025-02-16 16:00:00','usr-33','usr-34','pobj','2025-02-09T16:00:00Z::usr-33::Abertura do chamado::Chamado gerado automaticamente.::aberto','Grandes Empresas SP','SP Centro','Agencia SP Centro 1',NULL,NULL,'900000',NULL),('OME-2025-0050','InvestFácil • Capital de Giro Flex • Serviços Corporativos 2','Serviços Corporativos 2','capital_giro_flex','Capital de Giro Flex','Crédito PJ','Crédito','pobj','InvestFácil','em_atendimento','alta','2025-02-10 17:00:00','2025-02-11 11:00:00','2025-02-17 17:00:00','usr-34','usr-25','pobj','2025-02-10T17:00:00Z::usr-34::Abertura do chamado::Chamado gerado automaticamente.::em_atendimento||2025-02-11T11:00:00Z::usr-25::Status atualizado::Atualização automática.::em_atendimento','Grandes Empresas SP','SP Centro','Agencia SP Centro 1',NULL,NULL,'200000',NULL),('OME-2025-0051','Fila • Captação Bruta (CDB, Isentos, Fundos, Corretora e Previdência) • Tech Solutions 3','Tech Solutions 3','captacao_bruta','Captação Bruta (CDB, Isentos, Fundos, Corretora e Previdência)','CAPTAÇÃO','Serviços financeiros','pobj','Fila','aberto','alta','2025-03-01 08:00:00','2025-03-01 08:00:00','2025-03-08 08:00:00','usr-25','usr-26','pobj','2025-03-01T08:00:00Z::usr-25::Abertura do chamado::Chamado gerado automaticamente.::aberto','Grandes Empresas SP','SP Centro','Agencia SP Centro 1',NULL,NULL,'500000',NULL),('OME-2025-0052','Centralização de Caixa (Cash) • Capital de Giro Flex • Comércio Varejo 3','Comércio Varejo 3','capital_giro_flex','Capital de Giro Flex','Crédito PJ','Crédito','pobj','Centralização de Caixa (Cash)','em_atendimento','media','2025-03-02 09:00:00','2025-03-02 11:00:00','2025-03-09 09:00:00','usr-26','usr-27','pobj','2025-03-02T09:00:00Z::usr-26::Abertura do chamado::Chamado gerado automaticamente.::em_atendimento||2025-03-02T11:00:00Z::usr-27::Status atualizado::Atualização automática.::em_atendimento','Grandes Empresas SP','SP Centro','Agencia SP Centro 1',NULL,NULL,'300000',NULL),('OME-2025-0053','Recuperação de Crédito • Antecipação de Recebíveis PJ • Indústria Moderna 3','Indústria Moderna 3','antecipacao_recebiveis','Antecipação de Recebíveis PJ','CAPTAÇÃO','Recebíveis','pobj','Recuperação de Crédito','aguardando','baixa','2025-03-03 10:00:00','2025-03-03 14:00:00','2025-03-10 10:00:00','usr-27','usr-28','pobj','2025-03-03T10:00:00Z::usr-27::Abertura do chamado::Chamado gerado automaticamente.::aguardando||2025-03-03T14:00:00Z::usr-28::Status atualizado::Atualização automática.::aguardando','Grandes Empresas SP','SP Centro','Agencia SP Centro 1',NULL,NULL,'150000',NULL),('OME-2025-0054','Cartões • Maquininha Plus • Serviços Express 3','Serviços Express 3','maquininha_plus','Maquininha Plus','CAPTAÇÃO','Recebíveis','pobj','Cartões','resolvido','alta','2025-03-04 11:00:00','2025-03-04 17:00:00','2025-03-11 11:00:00','usr-28','usr-29','pobj','2025-03-04T11:00:00Z::usr-28::Abertura do chamado::Chamado gerado automaticamente.::resolvido||2025-03-04T17:00:00Z::usr-29::Status atualizado::Atualização automática.::resolvido','Grandes Empresas SP','SP Centro','Agencia SP Centro 1',NULL,NULL,'80000',NULL),('OME-2025-0055','InvestFácil • Captação Bruta (CDB, Isentos, Fundos, Corretora e Previdência) • Grupo Empresarial 3','Grupo Empresarial 3','captacao_bruta','Captação Bruta (CDB, Isentos, Fundos, Corretora e Previdência)','CAPTAÇÃO','Serviços financeiros','pobj','InvestFácil','aberto','media','2025-03-05 12:00:00','2025-03-05 20:00:00','2025-03-12 12:00:00','usr-29','usr-30','pobj','2025-03-05T12:00:00Z::usr-29::Abertura do chamado::Chamado gerado automaticamente.::aberto','Grandes Empresas SP','SP Centro','Agencia SP Centro 1',NULL,NULL,'600000',NULL),('OME-2025-0056','Fila • Capital de Giro Flex • Comércio Atacado 3','Comércio Atacado 3','capital_giro_flex','Capital de Giro Flex','Crédito PJ','Crédito','pobj','Fila','em_atendimento','baixa','2025-03-06 13:00:00','2025-03-06 23:00:00','2025-03-13 13:00:00','usr-30','usr-31','pobj','2025-03-06T13:00:00Z::usr-30::Abertura do chamado::Chamado gerado automaticamente.::em_atendimento||2025-03-06T23:00:00Z::usr-31::Status atualizado::Atualização automática.::em_atendimento','Grandes Empresas SP','SP Centro','Agencia SP Centro 1',NULL,NULL,'250000',NULL),('OME-2025-0057','Centralização de Caixa (Cash) • Antecipação de Recebíveis PJ • Empresa Logística 3','Empresa Logística 3','antecipacao_recebiveis','Antecipação de Recebíveis PJ','CAPTAÇÃO','Recebíveis','pobj','Centralização de Caixa (Cash)','aguardando','alta','2025-03-07 14:00:00','2025-03-08 02:00:00','2025-03-14 14:00:00','usr-31','usr-32','pobj','2025-03-07T14:00:00Z::usr-31::Abertura do chamado::Chamado gerado automaticamente.::aguardando||2025-03-08T02:00:00Z::usr-32::Status atualizado::Atualização automática.::aguardando','Grandes Empresas SP','SP Centro','Agencia SP Centro 1',NULL,NULL,'700000',NULL),('OME-2025-0058','Recuperação de Crédito • Maquininha Plus • Indústria Têxtil 3','Indústria Têxtil 3','maquininha_plus','Maquininha Plus','CAPTAÇÃO','Recebíveis','pobj','Recuperação de Crédito','resolvido','media','2025-03-08 15:00:00','2025-03-09 05:00:00','2025-03-15 15:00:00','usr-32','usr-33','pobj','2025-03-08T15:00:00Z::usr-32::Abertura do chamado::Chamado gerado automaticamente.::resolvido||2025-03-09T05:00:00Z::usr-33::Status atualizado::Atualização automática.::resolvido','Grandes Empresas SP','SP Centro','Agencia SP Centro 1',NULL,NULL,'180000',NULL),('OME-2025-0059','Cartões • Captação Bruta (CDB, Isentos, Fundos, Corretora e Previdência) • Holding Empresarial 3','Holding Empresarial 3','captacao_bruta','Captação Bruta (CDB, Isentos, Fundos, Corretora e Previdência)','CAPTAÇÃO','Serviços financeiros','pobj','Cartões','aberto','baixa','2025-03-09 16:00:00','2025-03-10 08:00:00','2025-03-16 16:00:00','usr-33','usr-34','pobj','2025-03-09T16:00:00Z::usr-33::Abertura do chamado::Chamado gerado automaticamente.::aberto','Grandes Empresas SP','SP Centro','Agencia SP Centro 1',NULL,NULL,'900000',NULL),('OME-2025-0060','InvestFácil • Capital de Giro Flex • Serviços Corporativos 3','Serviços Corporativos 3','capital_giro_flex','Capital de Giro Flex','Crédito PJ','Crédito','pobj','InvestFácil','em_atendimento','alta','2025-03-10 17:00:00','2025-03-11 11:00:00','2025-03-17 17:00:00','usr-34','usr-25','pobj','2025-03-10T17:00:00Z::usr-34::Abertura do chamado::Chamado gerado automaticamente.::em_atendimento||2025-03-11T11:00:00Z::usr-25::Status atualizado::Atualização automática.::em_atendimento','Grandes Empresas SP','SP Centro','Agencia SP Centro 1',NULL,NULL,'200000',NULL),('OME-2025-0061','Fila • Captação Bruta (CDB, Isentos, Fundos, Corretora e Previdência) • Tech Solutions 4','Tech Solutions 4','captacao_bruta','Captação Bruta (CDB, Isentos, Fundos, Corretora e Previdência)','CAPTAÇÃO','Serviços financeiros','pobj','Fila','aberto','alta','2025-04-01 08:00:00','2025-04-01 08:00:00','2025-04-08 08:00:00','usr-25','usr-26','pobj','2025-04-01T08:00:00Z::usr-25::Abertura do chamado::Chamado gerado automaticamente.::aberto','Grandes Empresas SP','SP Centro','Agencia SP Centro 1',NULL,NULL,'500000',NULL),('OME-2025-0062','Centralização de Caixa (Cash) • Capital de Giro Flex • Comércio Varejo 4','Comércio Varejo 4','capital_giro_flex','Capital de Giro Flex','Crédito PJ','Crédito','pobj','Centralização de Caixa (Cash)','em_atendimento','media','2025-04-02 09:00:00','2025-04-02 11:00:00','2025-04-09 09:00:00','usr-26','usr-27','pobj','2025-04-02T09:00:00Z::usr-26::Abertura do chamado::Chamado gerado automaticamente.::em_atendimento||2025-04-02T11:00:00Z::usr-27::Status atualizado::Atualização automática.::em_atendimento','Grandes Empresas SP','SP Centro','Agencia SP Centro 1',NULL,NULL,'300000',NULL),('OME-2025-0063','Recuperação de Crédito • Antecipação de Recebíveis PJ • Indústria Moderna 4','Indústria Moderna 4','antecipacao_recebiveis','Antecipação de Recebíveis PJ','CAPTAÇÃO','Recebíveis','pobj','Recuperação de Crédito','aguardando','baixa','2025-04-03 10:00:00','2025-04-03 14:00:00','2025-04-10 10:00:00','usr-27','usr-28','pobj','2025-04-03T10:00:00Z::usr-27::Abertura do chamado::Chamado gerado automaticamente.::aguardando||2025-04-03T14:00:00Z::usr-28::Status atualizado::Atualização automática.::aguardando','Grandes Empresas SP','SP Centro','Agencia SP Centro 1',NULL,NULL,'150000',NULL),('OME-2025-0064','Cartões • Maquininha Plus • Serviços Express 4','Serviços Express 4','maquininha_plus','Maquininha Plus','CAPTAÇÃO','Recebíveis','pobj','Cartões','resolvido','alta','2025-04-04 11:00:00','2025-04-04 17:00:00','2025-04-11 11:00:00','usr-28','usr-29','pobj','2025-04-04T11:00:00Z::usr-28::Abertura do chamado::Chamado gerado automaticamente.::resolvido||2025-04-04T17:00:00Z::usr-29::Status atualizado::Atualização automática.::resolvido','Grandes Empresas SP','SP Centro','Agencia SP Centro 1',NULL,NULL,'80000',NULL),('OME-2025-0065','InvestFácil • Captação Bruta (CDB, Isentos, Fundos, Corretora e Previdência) • Grupo Empresarial 4','Grupo Empresarial 4','captacao_bruta','Captação Bruta (CDB, Isentos, Fundos, Corretora e Previdência)','CAPTAÇÃO','Serviços financeiros','pobj','InvestFácil','aberto','media','2025-04-05 12:00:00','2025-04-05 20:00:00','2025-04-12 12:00:00','usr-29','usr-30','pobj','2025-04-05T12:00:00Z::usr-29::Abertura do chamado::Chamado gerado automaticamente.::aberto','Grandes Empresas SP','SP Centro','Agencia SP Centro 1',NULL,NULL,'600000',NULL),('OME-2025-0066','Fila • Capital de Giro Flex • Comércio Atacado 4','Comércio Atacado 4','capital_giro_flex','Capital de Giro Flex','Crédito PJ','Crédito','pobj','Fila','em_atendimento','baixa','2025-04-06 13:00:00','2025-04-06 23:00:00','2025-04-13 13:00:00','usr-30','usr-31','pobj','2025-04-06T13:00:00Z::usr-30::Abertura do chamado::Chamado gerado automaticamente.::em_atendimento||2025-04-06T23:00:00Z::usr-31::Status atualizado::Atualização automática.::em_atendimento','Grandes Empresas SP','SP Centro','Agencia SP Centro 1',NULL,NULL,'250000',NULL),('OME-2025-0067','Centralização de Caixa (Cash) • Antecipação de Recebíveis PJ • Empresa Logística 4','Empresa Logística 4','antecipacao_recebiveis','Antecipação de Recebíveis PJ','CAPTAÇÃO','Recebíveis','pobj','Centralização de Caixa (Cash)','aguardando','alta','2025-04-07 14:00:00','2025-04-08 02:00:00','2025-04-14 14:00:00','usr-31','usr-32','pobj','2025-04-07T14:00:00Z::usr-31::Abertura do chamado::Chamado gerado automaticamente.::aguardando||2025-04-08T02:00:00Z::usr-32::Status atualizado::Atualização automática.::aguardando','Grandes Empresas SP','SP Centro','Agencia SP Centro 1',NULL,NULL,'700000',NULL),('OME-2025-0068','Recuperação de Crédito • Maquininha Plus • Indústria Têxtil 4','Indústria Têxtil 4','maquininha_plus','Maquininha Plus','CAPTAÇÃO','Recebíveis','pobj','Recuperação de Crédito','resolvido','media','2025-04-08 15:00:00','2025-04-09 05:00:00','2025-04-15 15:00:00','usr-32','usr-33','pobj','2025-04-08T15:00:00Z::usr-32::Abertura do chamado::Chamado gerado automaticamente.::resolvido||2025-04-09T05:00:00Z::usr-33::Status atualizado::Atualização automática.::resolvido','Grandes Empresas SP','SP Centro','Agencia SP Centro 1',NULL,NULL,'180000',NULL),('OME-2025-0069','Cartões • Captação Bruta (CDB, Isentos, Fundos, Corretora e Previdência) • Holding Empresarial 4','Holding Empresarial 4','captacao_bruta','Captação Bruta (CDB, Isentos, Fundos, Corretora e Previdência)','CAPTAÇÃO','Serviços financeiros','pobj','Cartões','aberto','baixa','2025-04-09 16:00:00','2025-04-10 08:00:00','2025-04-16 16:00:00','usr-33','usr-34','pobj','2025-04-09T16:00:00Z::usr-33::Abertura do chamado::Chamado gerado automaticamente.::aberto','Grandes Empresas SP','SP Centro','Agencia SP Centro 1',NULL,NULL,'900000',NULL),('OME-2025-0070','InvestFácil • Capital de Giro Flex • Serviços Corporativos 4','Serviços Corporativos 4','capital_giro_flex','Capital de Giro Flex','Crédito PJ','Crédito','pobj','InvestFácil','em_atendimento','alta','2025-04-10 17:00:00','2025-04-11 11:00:00','2025-04-17 17:00:00','usr-34','usr-25','pobj','2025-04-10T17:00:00Z::usr-34::Abertura do chamado::Chamado gerado automaticamente.::em_atendimento||2025-04-11T11:00:00Z::usr-25::Status atualizado::Atualização automática.::em_atendimento','Grandes Empresas SP','SP Centro','Agencia SP Centro 1',NULL,NULL,'200000',NULL),('OME-2025-0071','Fila • Captação Bruta (CDB, Isentos, Fundos, Corretora e Previdência) • Tech Solutions 5','Tech Solutions 5','captacao_bruta','Captação Bruta (CDB, Isentos, Fundos, Corretora e Previdência)','CAPTAÇÃO','Serviços financeiros','pobj','Fila','aberto','alta','2025-05-01 08:00:00','2025-05-01 08:00:00','2025-05-08 08:00:00','usr-25','usr-26','pobj','2025-05-01T08:00:00Z::usr-25::Abertura do chamado::Chamado gerado automaticamente.::aberto','Grandes Empresas SP','SP Centro','Agencia SP Centro 1',NULL,NULL,'500000',NULL),('OME-2025-0072','Centralização de Caixa (Cash) • Capital de Giro Flex • Comércio Varejo 5','Comércio Varejo 5','capital_giro_flex','Capital de Giro Flex','Crédito PJ','Crédito','pobj','Centralização de Caixa (Cash)','em_atendimento','media','2025-05-02 09:00:00','2025-05-02 11:00:00','2025-05-09 09:00:00','usr-26','usr-27','pobj','2025-05-02T09:00:00Z::usr-26::Abertura do chamado::Chamado gerado automaticamente.::em_atendimento||2025-05-02T11:00:00Z::usr-27::Status atualizado::Atualização automática.::em_atendimento','Grandes Empresas SP','SP Centro','Agencia SP Centro 1',NULL,NULL,'300000',NULL),('OME-2025-0073','Recuperação de Crédito • Antecipação de Recebíveis PJ • Indústria Moderna 5','Indústria Moderna 5','antecipacao_recebiveis','Antecipação de Recebíveis PJ','CAPTAÇÃO','Recebíveis','pobj','Recuperação de Crédito','aguardando','baixa','2025-05-03 10:00:00','2025-05-03 14:00:00','2025-05-10 10:00:00','usr-27','usr-28','pobj','2025-05-03T10:00:00Z::usr-27::Abertura do chamado::Chamado gerado automaticamente.::aguardando||2025-05-03T14:00:00Z::usr-28::Status atualizado::Atualização automática.::aguardando','Grandes Empresas SP','SP Centro','Agencia SP Centro 1',NULL,NULL,'150000',NULL),('OME-2025-0074','Cartões • Maquininha Plus • Serviços Express 5','Serviços Express 5','maquininha_plus','Maquininha Plus','CAPTAÇÃO','Recebíveis','pobj','Cartões','resolvido','alta','2025-05-04 11:00:00','2025-05-04 17:00:00','2025-05-11 11:00:00','usr-28','usr-29','pobj','2025-05-04T11:00:00Z::usr-28::Abertura do chamado::Chamado gerado automaticamente.::resolvido||2025-05-04T17:00:00Z::usr-29::Status atualizado::Atualização automática.::resolvido','Grandes Empresas SP','SP Centro','Agencia SP Centro 1',NULL,NULL,'80000',NULL),('OME-2025-0075','InvestFácil • Captação Bruta (CDB, Isentos, Fundos, Corretora e Previdência) • Grupo Empresarial 5','Grupo Empresarial 5','captacao_bruta','Captação Bruta (CDB, Isentos, Fundos, Corretora e Previdência)','CAPTAÇÃO','Serviços financeiros','pobj','InvestFácil','aberto','media','2025-05-05 12:00:00','2025-05-05 20:00:00','2025-05-12 12:00:00','usr-29','usr-30','pobj','2025-05-05T12:00:00Z::usr-29::Abertura do chamado::Chamado gerado automaticamente.::aberto','Grandes Empresas SP','SP Centro','Agencia SP Centro 1',NULL,NULL,'600000',NULL),('OME-2025-0076','Fila • Capital de Giro Flex • Comércio Atacado 5','Comércio Atacado 5','capital_giro_flex','Capital de Giro Flex','Crédito PJ','Crédito','pobj','Fila','em_atendimento','baixa','2025-05-06 13:00:00','2025-05-06 23:00:00','2025-05-13 13:00:00','usr-30','usr-31','pobj','2025-05-06T13:00:00Z::usr-30::Abertura do chamado::Chamado gerado automaticamente.::em_atendimento||2025-05-06T23:00:00Z::usr-31::Status atualizado::Atualização automática.::em_atendimento','Grandes Empresas SP','SP Centro','Agencia SP Centro 1',NULL,NULL,'250000',NULL),('OME-2025-0077','Centralização de Caixa (Cash) • Antecipação de Recebíveis PJ • Empresa Logística 5','Empresa Logística 5','antecipacao_recebiveis','Antecipação de Recebíveis PJ','CAPTAÇÃO','Recebíveis','pobj','Centralização de Caixa (Cash)','aguardando','alta','2025-05-07 14:00:00','2025-05-08 02:00:00','2025-05-14 14:00:00','usr-31','usr-32','pobj','2025-05-07T14:00:00Z::usr-31::Abertura do chamado::Chamado gerado automaticamente.::aguardando||2025-05-08T02:00:00Z::usr-32::Status atualizado::Atualização automática.::aguardando','Grandes Empresas SP','SP Centro','Agencia SP Centro 1',NULL,NULL,'700000',NULL),('OME-2025-0078','Recuperação de Crédito • Maquininha Plus • Indústria Têxtil 5','Indústria Têxtil 5','maquininha_plus','Maquininha Plus','CAPTAÇÃO','Recebíveis','pobj','Recuperação de Crédito','resolvido','media','2025-05-08 15:00:00','2025-05-09 05:00:00','2025-05-15 15:00:00','usr-32','usr-33','pobj','2025-05-08T15:00:00Z::usr-32::Abertura do chamado::Chamado gerado automaticamente.::resolvido||2025-05-09T05:00:00Z::usr-33::Status atualizado::Atualização automática.::resolvido','Grandes Empresas SP','SP Centro','Agencia SP Centro 1',NULL,NULL,'180000',NULL),('OME-2025-0079','Cartões • Captação Bruta (CDB, Isentos, Fundos, Corretora e Previdência) • Holding Empresarial 5','Holding Empresarial 5','captacao_bruta','Captação Bruta (CDB, Isentos, Fundos, Corretora e Previdência)','CAPTAÇÃO','Serviços financeiros','pobj','Cartões','aberto','baixa','2025-05-09 16:00:00','2025-05-10 08:00:00','2025-05-16 16:00:00','usr-33','usr-34','pobj','2025-05-09T16:00:00Z::usr-33::Abertura do chamado::Chamado gerado automaticamente.::aberto','Grandes Empresas SP','SP Centro','Agencia SP Centro 1',NULL,NULL,'900000',NULL),('OME-2025-0080','InvestFácil • Capital de Giro Flex • Serviços Corporativos 5','Serviços Corporativos 5','capital_giro_flex','Capital de Giro Flex','Crédito PJ','Crédito','pobj','InvestFácil','em_atendimento','alta','2025-05-10 17:00:00','2025-05-11 11:00:00','2025-05-17 17:00:00','usr-34','usr-25','pobj','2025-05-10T17:00:00Z::usr-34::Abertura do chamado::Chamado gerado automaticamente.::em_atendimento||2025-05-11T11:00:00Z::usr-25::Status atualizado::Atualização automática.::em_atendimento','Grandes Empresas SP','SP Centro','Agencia SP Centro 1',NULL,NULL,'200000',NULL),('OME-2025-0081','Fila • Captação Bruta (CDB, Isentos, Fundos, Corretora e Previdência) • Tech Solutions 6','Tech Solutions 6','captacao_bruta','Captação Bruta (CDB, Isentos, Fundos, Corretora e Previdência)','CAPTAÇÃO','Serviços financeiros','pobj','Fila','aberto','alta','2025-06-01 08:00:00','2025-06-01 08:00:00','2025-06-08 08:00:00','usr-25','usr-26','pobj','2025-06-01T08:00:00Z::usr-25::Abertura do chamado::Chamado gerado automaticamente.::aberto','Grandes Empresas SP','SP Centro','Agencia SP Centro 1',NULL,NULL,'500000',NULL),('OME-2025-0082','Centralização de Caixa (Cash) • Capital de Giro Flex • Comércio Varejo 6','Comércio Varejo 6','capital_giro_flex','Capital de Giro Flex','Crédito PJ','Crédito','pobj','Centralização de Caixa (Cash)','em_atendimento','media','2025-06-02 09:00:00','2025-06-02 11:00:00','2025-06-09 09:00:00','usr-26','usr-27','pobj','2025-06-02T09:00:00Z::usr-26::Abertura do chamado::Chamado gerado automaticamente.::em_atendimento||2025-06-02T11:00:00Z::usr-27::Status atualizado::Atualização automática.::em_atendimento','Grandes Empresas SP','SP Centro','Agencia SP Centro 1',NULL,NULL,'300000',NULL),('OME-2025-0083','Recuperação de Crédito • Antecipação de Recebíveis PJ • Indústria Moderna 6','Indústria Moderna 6','antecipacao_recebiveis','Antecipação de Recebíveis PJ','CAPTAÇÃO','Recebíveis','pobj','Recuperação de Crédito','aguardando','baixa','2025-06-03 10:00:00','2025-06-03 14:00:00','2025-06-10 10:00:00','usr-27','usr-28','pobj','2025-06-03T10:00:00Z::usr-27::Abertura do chamado::Chamado gerado automaticamente.::aguardando||2025-06-03T14:00:00Z::usr-28::Status atualizado::Atualização automática.::aguardando','Grandes Empresas SP','SP Centro','Agencia SP Centro 1',NULL,NULL,'150000',NULL),('OME-2025-0084','Cartões • Maquininha Plus • Serviços Express 6','Serviços Express 6','maquininha_plus','Maquininha Plus','CAPTAÇÃO','Recebíveis','pobj','Cartões','resolvido','alta','2025-06-04 11:00:00','2025-06-04 17:00:00','2025-06-11 11:00:00','usr-28','usr-29','pobj','2025-06-04T11:00:00Z::usr-28::Abertura do chamado::Chamado gerado automaticamente.::resolvido||2025-06-04T17:00:00Z::usr-29::Status atualizado::Atualização automática.::resolvido','Grandes Empresas SP','SP Centro','Agencia SP Centro 1',NULL,NULL,'80000',NULL),('OME-2025-0085','InvestFácil • Captação Bruta (CDB, Isentos, Fundos, Corretora e Previdência) • Grupo Empresarial 6','Grupo Empresarial 6','captacao_bruta','Captação Bruta (CDB, Isentos, Fundos, Corretora e Previdência)','CAPTAÇÃO','Serviços financeiros','pobj','InvestFácil','aberto','media','2025-06-05 12:00:00','2025-06-05 20:00:00','2025-06-12 12:00:00','usr-29','usr-30','pobj','2025-06-05T12:00:00Z::usr-29::Abertura do chamado::Chamado gerado automaticamente.::aberto','Grandes Empresas SP','SP Centro','Agencia SP Centro 1',NULL,NULL,'600000',NULL),('OME-2025-0086','Fila • Capital de Giro Flex • Comércio Atacado 6','Comércio Atacado 6','capital_giro_flex','Capital de Giro Flex','Crédito PJ','Crédito','pobj','Fila','em_atendimento','baixa','2025-06-06 13:00:00','2025-06-06 23:00:00','2025-06-13 13:00:00','usr-30','usr-31','pobj','2025-06-06T13:00:00Z::usr-30::Abertura do chamado::Chamado gerado automaticamente.::em_atendimento||2025-06-06T23:00:00Z::usr-31::Status atualizado::Atualização automática.::em_atendimento','Grandes Empresas SP','SP Centro','Agencia SP Centro 1',NULL,NULL,'250000',NULL),('OME-2025-0087','Centralização de Caixa (Cash) • Antecipação de Recebíveis PJ • Empresa Logística 6','Empresa Logística 6','antecipacao_recebiveis','Antecipação de Recebíveis PJ','CAPTAÇÃO','Recebíveis','pobj','Centralização de Caixa (Cash)','aguardando','alta','2025-06-07 14:00:00','2025-06-08 02:00:00','2025-06-14 14:00:00','usr-31','usr-32','pobj','2025-06-07T14:00:00Z::usr-31::Abertura do chamado::Chamado gerado automaticamente.::aguardando||2025-06-08T02:00:00Z::usr-32::Status atualizado::Atualização automática.::aguardando','Grandes Empresas SP','SP Centro','Agencia SP Centro 1',NULL,NULL,'700000',NULL),('OME-2025-0088','Recuperação de Crédito • Maquininha Plus • Indústria Têxtil 6','Indústria Têxtil 6','maquininha_plus','Maquininha Plus','CAPTAÇÃO','Recebíveis','pobj','Recuperação de Crédito','resolvido','media','2025-06-08 15:00:00','2025-06-09 05:00:00','2025-06-15 15:00:00','usr-32','usr-33','pobj','2025-06-08T15:00:00Z::usr-32::Abertura do chamado::Chamado gerado automaticamente.::resolvido||2025-06-09T05:00:00Z::usr-33::Status atualizado::Atualização automática.::resolvido','Grandes Empresas SP','SP Centro','Agencia SP Centro 1',NULL,NULL,'180000',NULL),('OME-2025-0089','Cartões • Captação Bruta (CDB, Isentos, Fundos, Corretora e Previdência) • Holding Empresarial 6','Holding Empresarial 6','captacao_bruta','Captação Bruta (CDB, Isentos, Fundos, Corretora e Previdência)','CAPTAÇÃO','Serviços financeiros','pobj','Cartões','aberto','baixa','2025-06-09 16:00:00','2025-06-10 08:00:00','2025-06-16 16:00:00','usr-33','usr-34','pobj','2025-06-09T16:00:00Z::usr-33::Abertura do chamado::Chamado gerado automaticamente.::aberto','Grandes Empresas SP','SP Centro','Agencia SP Centro 1',NULL,NULL,'900000',NULL),('OME-2025-0090','InvestFácil • Capital de Giro Flex • Serviços Corporativos 6','Serviços Corporativos 6','capital_giro_flex','Capital de Giro Flex','Crédito PJ','Crédito','pobj','InvestFácil','em_atendimento','alta','2025-06-10 17:00:00','2025-06-11 11:00:00','2025-06-17 17:00:00','usr-34','usr-25','pobj','2025-06-10T17:00:00Z::usr-34::Abertura do chamado::Chamado gerado automaticamente.::em_atendimento||2025-06-11T11:00:00Z::usr-25::Status atualizado::Atualização automática.::em_atendimento','Grandes Empresas SP','SP Centro','Agencia SP Centro 1',NULL,NULL,'200000',NULL),('OME-2025-0091','Fila • Captação Bruta (CDB, Isentos, Fundos, Corretora e Previdência) • Tech Solutions 7','Tech Solutions 7','captacao_bruta','Captação Bruta (CDB, Isentos, Fundos, Corretora e Previdência)','CAPTAÇÃO','Serviços financeiros','pobj','Fila','aberto','alta','2025-07-01 08:00:00','2025-07-01 08:00:00','2025-07-08 08:00:00','usr-25','usr-26','pobj','2025-07-01T08:00:00Z::usr-25::Abertura do chamado::Chamado gerado automaticamente.::aberto','Grandes Empresas SP','SP Centro','Agencia SP Centro 1',NULL,NULL,'500000',NULL),('OME-2025-0092','Centralização de Caixa (Cash) • Capital de Giro Flex • Comércio Varejo 7','Comércio Varejo 7','capital_giro_flex','Capital de Giro Flex','Crédito PJ','Crédito','pobj','Centralização de Caixa (Cash)','em_atendimento','media','2025-07-02 09:00:00','2025-07-02 11:00:00','2025-07-09 09:00:00','usr-26','usr-27','pobj','2025-07-02T09:00:00Z::usr-26::Abertura do chamado::Chamado gerado automaticamente.::em_atendimento||2025-07-02T11:00:00Z::usr-27::Status atualizado::Atualização automática.::em_atendimento','Grandes Empresas SP','SP Centro','Agencia SP Centro 1',NULL,NULL,'300000',NULL),('OME-2025-0093','Recuperação de Crédito • Antecipação de Recebíveis PJ • Indústria Moderna 7','Indústria Moderna 7','antecipacao_recebiveis','Antecipação de Recebíveis PJ','CAPTAÇÃO','Recebíveis','pobj','Recuperação de Crédito','aguardando','baixa','2025-07-03 10:00:00','2025-07-03 14:00:00','2025-07-10 10:00:00','usr-27','usr-28','pobj','2025-07-03T10:00:00Z::usr-27::Abertura do chamado::Chamado gerado automaticamente.::aguardando||2025-07-03T14:00:00Z::usr-28::Status atualizado::Atualização automática.::aguardando','Grandes Empresas SP','SP Centro','Agencia SP Centro 1',NULL,NULL,'150000',NULL),('OME-2025-0094','Cartões • Maquininha Plus • Serviços Express 7','Serviços Express 7','maquininha_plus','Maquininha Plus','CAPTAÇÃO','Recebíveis','pobj','Cartões','resolvido','alta','2025-07-04 11:00:00','2025-07-04 17:00:00','2025-07-11 11:00:00','usr-28','usr-29','pobj','2025-07-04T11:00:00Z::usr-28::Abertura do chamado::Chamado gerado automaticamente.::resolvido||2025-07-04T17:00:00Z::usr-29::Status atualizado::Atualização automática.::resolvido','Grandes Empresas SP','SP Centro','Agencia SP Centro 1',NULL,NULL,'80000',NULL),('OME-2025-0095','InvestFácil • Captação Bruta (CDB, Isentos, Fundos, Corretora e Previdência) • Grupo Empresarial 7','Grupo Empresarial 7','captacao_bruta','Captação Bruta (CDB, Isentos, Fundos, Corretora e Previdência)','CAPTAÇÃO','Serviços financeiros','pobj','InvestFácil','aberto','media','2025-07-05 12:00:00','2025-07-05 20:00:00','2025-07-12 12:00:00','usr-29','usr-30','pobj','2025-07-05T12:00:00Z::usr-29::Abertura do chamado::Chamado gerado automaticamente.::aberto','Grandes Empresas SP','SP Centro','Agencia SP Centro 1',NULL,NULL,'600000',NULL),('OME-2025-0096','Fila • Capital de Giro Flex • Comércio Atacado 7','Comércio Atacado 7','capital_giro_flex','Capital de Giro Flex','Crédito PJ','Crédito','pobj','Fila','em_atendimento','baixa','2025-07-06 13:00:00','2025-07-06 23:00:00','2025-07-13 13:00:00','usr-30','usr-31','pobj','2025-07-06T13:00:00Z::usr-30::Abertura do chamado::Chamado gerado automaticamente.::em_atendimento||2025-07-06T23:00:00Z::usr-31::Status atualizado::Atualização automática.::em_atendimento','Grandes Empresas SP','SP Centro','Agencia SP Centro 1',NULL,NULL,'250000',NULL),('OME-2025-0097','Centralização de Caixa (Cash) • Antecipação de Recebíveis PJ • Empresa Logística 7','Empresa Logística 7','antecipacao_recebiveis','Antecipação de Recebíveis PJ','CAPTAÇÃO','Recebíveis','pobj','Centralização de Caixa (Cash)','aguardando','alta','2025-07-07 14:00:00','2025-07-08 02:00:00','2025-07-14 14:00:00','usr-31','usr-32','pobj','2025-07-07T14:00:00Z::usr-31::Abertura do chamado::Chamado gerado automaticamente.::aguardando||2025-07-08T02:00:00Z::usr-32::Status atualizado::Atualização automática.::aguardando','Grandes Empresas SP','SP Centro','Agencia SP Centro 1',NULL,NULL,'700000',NULL),('OME-2025-0098','Recuperação de Crédito • Maquininha Plus • Indústria Têxtil 7','Indústria Têxtil 7','maquininha_plus','Maquininha Plus','CAPTAÇÃO','Recebíveis','pobj','Recuperação de Crédito','resolvido','media','2025-07-08 15:00:00','2025-07-09 05:00:00','2025-07-15 15:00:00','usr-32','usr-33','pobj','2025-07-08T15:00:00Z::usr-32::Abertura do chamado::Chamado gerado automaticamente.::resolvido||2025-07-09T05:00:00Z::usr-33::Status atualizado::Atualização automática.::resolvido','Grandes Empresas SP','SP Centro','Agencia SP Centro 1',NULL,NULL,'180000',NULL),('OME-2025-0099','Cartões • Captação Bruta (CDB, Isentos, Fundos, Corretora e Previdência) • Holding Empresarial 7','Holding Empresarial 7','captacao_bruta','Captação Bruta (CDB, Isentos, Fundos, Corretora e Previdência)','CAPTAÇÃO','Serviços financeiros','pobj','Cartões','aberto','baixa','2025-07-09 16:00:00','2025-07-10 08:00:00','2025-07-16 16:00:00','usr-33','usr-34','pobj','2025-07-09T16:00:00Z::usr-33::Abertura do chamado::Chamado gerado automaticamente.::aberto','Grandes Empresas SP','SP Centro','Agencia SP Centro 1',NULL,NULL,'900000',NULL),('OME-2025-0100','InvestFácil • Capital de Giro Flex • Serviços Corporativos 7','Serviços Corporativos 7','capital_giro_flex','Capital de Giro Flex','Crédito PJ','Crédito','pobj','InvestFácil','em_atendimento','alta','2025-07-10 17:00:00','2025-07-11 11:00:00','2025-07-17 17:00:00','usr-34','usr-25','pobj','2025-07-10T17:00:00Z::usr-34::Abertura do chamado::Chamado gerado automaticamente.::em_atendimento||2025-07-11T11:00:00Z::usr-25::Status atualizado::Atualização automática.::em_atendimento','Grandes Empresas SP','SP Centro','Agencia SP Centro 1',NULL,NULL,'200000',NULL),('OME-2025-0101','Fila • Captação Bruta (CDB, Isentos, Fundos, Corretora e Previdência) • Tech Solutions 8','Tech Solutions 8','captacao_bruta','Captação Bruta (CDB, Isentos, Fundos, Corretora e Previdência)','CAPTAÇÃO','Serviços financeiros','pobj','Fila','aberto','alta','2025-08-01 08:00:00','2025-08-01 08:00:00','2025-08-08 08:00:00','usr-25','usr-26','pobj','2025-08-01T08:00:00Z::usr-25::Abertura do chamado::Chamado gerado automaticamente.::aberto','Grandes Empresas SP','SP Centro','Agencia SP Centro 1',NULL,NULL,'500000',NULL),('OME-2025-0102','Centralização de Caixa (Cash) • Capital de Giro Flex • Comércio Varejo 8','Comércio Varejo 8','capital_giro_flex','Capital de Giro Flex','Crédito PJ','Crédito','pobj','Centralização de Caixa (Cash)','em_atendimento','media','2025-08-02 09:00:00','2025-08-02 11:00:00','2025-08-09 09:00:00','usr-26','usr-27','pobj','2025-08-02T09:00:00Z::usr-26::Abertura do chamado::Chamado gerado automaticamente.::em_atendimento||2025-08-02T11:00:00Z::usr-27::Status atualizado::Atualização automática.::em_atendimento','Grandes Empresas SP','SP Centro','Agencia SP Centro 1',NULL,NULL,'300000',NULL),('OME-2025-0103','Recuperação de Crédito • Antecipação de Recebíveis PJ • Indústria Moderna 8','Indústria Moderna 8','antecipacao_recebiveis','Antecipação de Recebíveis PJ','CAPTAÇÃO','Recebíveis','pobj','Recuperação de Crédito','aguardando','baixa','2025-08-03 10:00:00','2025-08-03 14:00:00','2025-08-10 10:00:00','usr-27','usr-28','pobj','2025-08-03T10:00:00Z::usr-27::Abertura do chamado::Chamado gerado automaticamente.::aguardando||2025-08-03T14:00:00Z::usr-28::Status atualizado::Atualização automática.::aguardando','Grandes Empresas SP','SP Centro','Agencia SP Centro 1',NULL,NULL,'150000',NULL),('OME-2025-0104','Cartões • Maquininha Plus • Serviços Express 8','Serviços Express 8','maquininha_plus','Maquininha Plus','CAPTAÇÃO','Recebíveis','pobj','Cartões','resolvido','alta','2025-08-04 11:00:00','2025-08-04 17:00:00','2025-08-11 11:00:00','usr-28','usr-29','pobj','2025-08-04T11:00:00Z::usr-28::Abertura do chamado::Chamado gerado automaticamente.::resolvido||2025-08-04T17:00:00Z::usr-29::Status atualizado::Atualização automática.::resolvido','Grandes Empresas SP','SP Centro','Agencia SP Centro 1',NULL,NULL,'80000',NULL),('OME-2025-0105','InvestFácil • Captação Bruta (CDB, Isentos, Fundos, Corretora e Previdência) • Grupo Empresarial 8','Grupo Empresarial 8','captacao_bruta','Captação Bruta (CDB, Isentos, Fundos, Corretora e Previdência)','CAPTAÇÃO','Serviços financeiros','pobj','InvestFácil','aberto','media','2025-08-05 12:00:00','2025-08-05 20:00:00','2025-08-12 12:00:00','usr-29','usr-30','pobj','2025-08-05T12:00:00Z::usr-29::Abertura do chamado::Chamado gerado automaticamente.::aberto','Grandes Empresas SP','SP Centro','Agencia SP Centro 1',NULL,NULL,'600000',NULL),('OME-2025-0106','Fila • Capital de Giro Flex • Comércio Atacado 8','Comércio Atacado 8','capital_giro_flex','Capital de Giro Flex','Crédito PJ','Crédito','pobj','Fila','em_atendimento','baixa','2025-08-06 13:00:00','2025-08-06 23:00:00','2025-08-13 13:00:00','usr-30','usr-31','pobj','2025-08-06T13:00:00Z::usr-30::Abertura do chamado::Chamado gerado automaticamente.::em_atendimento||2025-08-06T23:00:00Z::usr-31::Status atualizado::Atualização automática.::em_atendimento','Grandes Empresas SP','SP Centro','Agencia SP Centro 1',NULL,NULL,'250000',NULL),('OME-2025-0107','Centralização de Caixa (Cash) • Antecipação de Recebíveis PJ • Empresa Logística 8','Empresa Logística 8','antecipacao_recebiveis','Antecipação de Recebíveis PJ','CAPTAÇÃO','Recebíveis','pobj','Centralização de Caixa (Cash)','aguardando','alta','2025-08-07 14:00:00','2025-08-08 02:00:00','2025-08-14 14:00:00','usr-31','usr-32','pobj','2025-08-07T14:00:00Z::usr-31::Abertura do chamado::Chamado gerado automaticamente.::aguardando||2025-08-08T02:00:00Z::usr-32::Status atualizado::Atualização automática.::aguardando','Grandes Empresas SP','SP Centro','Agencia SP Centro 1',NULL,NULL,'700000',NULL),('OME-2025-0108','Recuperação de Crédito • Maquininha Plus • Indústria Têxtil 8','Indústria Têxtil 8','maquininha_plus','Maquininha Plus','CAPTAÇÃO','Recebíveis','pobj','Recuperação de Crédito','resolvido','media','2025-08-08 15:00:00','2025-08-09 05:00:00','2025-08-15 15:00:00','usr-32','usr-33','pobj','2025-08-08T15:00:00Z::usr-32::Abertura do chamado::Chamado gerado automaticamente.::resolvido||2025-08-09T05:00:00Z::usr-33::Status atualizado::Atualização automática.::resolvido','Grandes Empresas SP','SP Centro','Agencia SP Centro 1',NULL,NULL,'180000',NULL),('OME-2025-0109','Cartões • Captação Bruta (CDB, Isentos, Fundos, Corretora e Previdência) • Holding Empresarial 8','Holding Empresarial 8','captacao_bruta','Captação Bruta (CDB, Isentos, Fundos, Corretora e Previdência)','CAPTAÇÃO','Serviços financeiros','pobj','Cartões','aberto','baixa','2025-08-09 16:00:00','2025-08-10 08:00:00','2025-08-16 16:00:00','usr-33','usr-34','pobj','2025-08-09T16:00:00Z::usr-33::Abertura do chamado::Chamado gerado automaticamente.::aberto','Grandes Empresas SP','SP Centro','Agencia SP Centro 1',NULL,NULL,'900000',NULL),('OME-2025-0110','InvestFácil • Capital de Giro Flex • Serviços Corporativos 8','Serviços Corporativos 8','capital_giro_flex','Capital de Giro Flex','Crédito PJ','Crédito','pobj','InvestFácil','em_atendimento','alta','2025-08-10 17:00:00','2025-08-11 11:00:00','2025-08-17 17:00:00','usr-34','usr-25','pobj','2025-08-10T17:00:00Z::usr-34::Abertura do chamado::Chamado gerado automaticamente.::em_atendimento||2025-08-11T11:00:00Z::usr-25::Status atualizado::Atualização automática.::em_atendimento','Grandes Empresas SP','SP Centro','Agencia SP Centro 1',NULL,NULL,'200000',NULL),('OME-2025-0111','Fila • Captação Bruta (CDB, Isentos, Fundos, Corretora e Previdência) • Tech Solutions 9','Tech Solutions 9','captacao_bruta','Captação Bruta (CDB, Isentos, Fundos, Corretora e Previdência)','CAPTAÇÃO','Serviços financeiros','pobj','Fila','aberto','alta','2025-09-01 08:00:00','2025-09-01 08:00:00','2025-09-08 08:00:00','usr-25','usr-26','pobj','2025-09-01T08:00:00Z::usr-25::Abertura do chamado::Chamado gerado automaticamente.::aberto','Grandes Empresas SP','SP Centro','Agencia SP Centro 1',NULL,NULL,'500000',NULL),('OME-2025-0112','Centralização de Caixa (Cash) • Capital de Giro Flex • Comércio Varejo 9','Comércio Varejo 9','capital_giro_flex','Capital de Giro Flex','Crédito PJ','Crédito','pobj','Centralização de Caixa (Cash)','em_atendimento','media','2025-09-02 09:00:00','2025-09-02 11:00:00','2025-09-09 09:00:00','usr-26','usr-27','pobj','2025-09-02T09:00:00Z::usr-26::Abertura do chamado::Chamado gerado automaticamente.::em_atendimento||2025-09-02T11:00:00Z::usr-27::Status atualizado::Atualização automática.::em_atendimento','Grandes Empresas SP','SP Centro','Agencia SP Centro 1',NULL,NULL,'300000',NULL),('OME-2025-0113','Recuperação de Crédito • Antecipação de Recebíveis PJ • Indústria Moderna 9','Indústria Moderna 9','antecipacao_recebiveis','Antecipação de Recebíveis PJ','CAPTAÇÃO','Recebíveis','pobj','Recuperação de Crédito','aguardando','baixa','2025-09-03 10:00:00','2025-09-03 14:00:00','2025-09-10 10:00:00','usr-27','usr-28','pobj','2025-09-03T10:00:00Z::usr-27::Abertura do chamado::Chamado gerado automaticamente.::aguardando||2025-09-03T14:00:00Z::usr-28::Status atualizado::Atualização automática.::aguardando','Grandes Empresas SP','SP Centro','Agencia SP Centro 1',NULL,NULL,'150000',NULL),('OME-2025-0114','Cartões • Maquininha Plus • Serviços Express 9','Serviços Express 9','maquininha_plus','Maquininha Plus','CAPTAÇÃO','Recebíveis','pobj','Cartões','resolvido','alta','2025-09-04 11:00:00','2025-09-04 17:00:00','2025-09-11 11:00:00','usr-28','usr-29','pobj','2025-09-04T11:00:00Z::usr-28::Abertura do chamado::Chamado gerado automaticamente.::resolvido||2025-09-04T17:00:00Z::usr-29::Status atualizado::Atualização automática.::resolvido','Grandes Empresas SP','SP Centro','Agencia SP Centro 1',NULL,NULL,'80000',NULL),('OME-2025-0115','InvestFácil • Captação Bruta (CDB, Isentos, Fundos, Corretora e Previdência) • Grupo Empresarial 9','Grupo Empresarial 9','captacao_bruta','Captação Bruta (CDB, Isentos, Fundos, Corretora e Previdência)','CAPTAÇÃO','Serviços financeiros','pobj','InvestFácil','aberto','media','2025-09-05 12:00:00','2025-09-05 20:00:00','2025-09-12 12:00:00','usr-29','usr-30','pobj','2025-09-05T12:00:00Z::usr-29::Abertura do chamado::Chamado gerado automaticamente.::aberto','Grandes Empresas SP','SP Centro','Agencia SP Centro 1',NULL,NULL,'600000',NULL),('OME-2025-0116','Fila • Capital de Giro Flex • Comércio Atacado 9','Comércio Atacado 9','capital_giro_flex','Capital de Giro Flex','Crédito PJ','Crédito','pobj','Fila','em_atendimento','baixa','2025-09-06 13:00:00','2025-09-06 23:00:00','2025-09-13 13:00:00','usr-30','usr-31','pobj','2025-09-06T13:00:00Z::usr-30::Abertura do chamado::Chamado gerado automaticamente.::em_atendimento||2025-09-06T23:00:00Z::usr-31::Status atualizado::Atualização automática.::em_atendimento','Grandes Empresas SP','SP Centro','Agencia SP Centro 1',NULL,NULL,'250000',NULL),('OME-2025-0117','Centralização de Caixa (Cash) • Antecipação de Recebíveis PJ • Empresa Logística 9','Empresa Logística 9','antecipacao_recebiveis','Antecipação de Recebíveis PJ','CAPTAÇÃO','Recebíveis','pobj','Centralização de Caixa (Cash)','aguardando','alta','2025-09-07 14:00:00','2025-09-08 02:00:00','2025-09-14 14:00:00','usr-31','usr-32','pobj','2025-09-07T14:00:00Z::usr-31::Abertura do chamado::Chamado gerado automaticamente.::aguardando||2025-09-08T02:00:00Z::usr-32::Status atualizado::Atualização automática.::aguardando','Grandes Empresas SP','SP Centro','Agencia SP Centro 1',NULL,NULL,'700000',NULL),('OME-2025-0118','Recuperação de Crédito • Maquininha Plus • Indústria Têxtil 9','Indústria Têxtil 9','maquininha_plus','Maquininha Plus','CAPTAÇÃO','Recebíveis','pobj','Recuperação de Crédito','resolvido','media','2025-09-08 15:00:00','2025-09-09 05:00:00','2025-09-15 15:00:00','usr-32','usr-33','pobj','2025-09-08T15:00:00Z::usr-32::Abertura do chamado::Chamado gerado automaticamente.::resolvido||2025-09-09T05:00:00Z::usr-33::Status atualizado::Atualização automática.::resolvido','Grandes Empresas SP','SP Centro','Agencia SP Centro 1',NULL,NULL,'180000',NULL),('OME-2025-0119','Cartões • Captação Bruta (CDB, Isentos, Fundos, Corretora e Previdência) • Holding Empresarial 9','Holding Empresarial 9','captacao_bruta','Captação Bruta (CDB, Isentos, Fundos, Corretora e Previdência)','CAPTAÇÃO','Serviços financeiros','pobj','Cartões','aberto','baixa','2025-09-09 16:00:00','2025-09-10 08:00:00','2025-09-16 16:00:00','usr-33','usr-34','pobj','2025-09-09T16:00:00Z::usr-33::Abertura do chamado::Chamado gerado automaticamente.::aberto','Grandes Empresas SP','SP Centro','Agencia SP Centro 1',NULL,NULL,'900000',NULL),('OME-2025-0120','InvestFácil • Capital de Giro Flex • Serviços Corporativos 9','Serviços Corporativos 9','capital_giro_flex','Capital de Giro Flex','Crédito PJ','Crédito','pobj','InvestFácil','em_atendimento','alta','2025-09-10 17:00:00','2025-09-11 11:00:00','2025-09-17 17:00:00','usr-34','usr-25','pobj','2025-09-10T17:00:00Z::usr-34::Abertura do chamado::Chamado gerado automaticamente.::em_atendimento||2025-09-11T11:00:00Z::usr-25::Status atualizado::Atualização automática.::em_atendimento','Grandes Empresas SP','SP Centro','Agencia SP Centro 1',NULL,NULL,'200000',NULL),('OME-2025-0121','Fila • Captação Bruta (CDB, Isentos, Fundos, Corretora e Previdência) • Tech Solutions 10','Tech Solutions 10','captacao_bruta','Captação Bruta (CDB, Isentos, Fundos, Corretora e Previdência)','CAPTAÇÃO','Serviços financeiros','pobj','Fila','aberto','alta','2025-10-01 08:00:00','2025-10-01 08:00:00','2025-10-08 08:00:00','usr-25','usr-26','pobj','2025-10-01T08:00:00Z::usr-25::Abertura do chamado::Chamado gerado automaticamente.::aberto','Grandes Empresas SP','SP Centro','Agencia SP Centro 1',NULL,NULL,'500000',NULL),('OME-2025-0122','Centralização de Caixa (Cash) • Capital de Giro Flex • Comércio Varejo 10','Comércio Varejo 10','capital_giro_flex','Capital de Giro Flex','Crédito PJ','Crédito','pobj','Centralização de Caixa (Cash)','em_atendimento','media','2025-10-02 09:00:00','2025-10-02 11:00:00','2025-10-09 09:00:00','usr-26','usr-27','pobj','2025-10-02T09:00:00Z::usr-26::Abertura do chamado::Chamado gerado automaticamente.::em_atendimento||2025-10-02T11:00:00Z::usr-27::Status atualizado::Atualização automática.::em_atendimento','Grandes Empresas SP','SP Centro','Agencia SP Centro 1',NULL,NULL,'300000',NULL),('OME-2025-0123','Recuperação de Crédito • Antecipação de Recebíveis PJ • Indústria Moderna 10','Indústria Moderna 10','antecipacao_recebiveis','Antecipação de Recebíveis PJ','CAPTAÇÃO','Recebíveis','pobj','Recuperação de Crédito','aguardando','baixa','2025-10-03 10:00:00','2025-10-03 14:00:00','2025-10-10 10:00:00','usr-27','usr-28','pobj','2025-10-03T10:00:00Z::usr-27::Abertura do chamado::Chamado gerado automaticamente.::aguardando||2025-10-03T14:00:00Z::usr-28::Status atualizado::Atualização automática.::aguardando','Grandes Empresas SP','SP Centro','Agencia SP Centro 1',NULL,NULL,'150000',NULL),('OME-2025-0124','Cartões • Maquininha Plus • Serviços Express 10','Serviços Express 10','maquininha_plus','Maquininha Plus','CAPTAÇÃO','Recebíveis','pobj','Cartões','resolvido','alta','2025-10-04 11:00:00','2025-10-04 17:00:00','2025-10-11 11:00:00','usr-28','usr-29','pobj','2025-10-04T11:00:00Z::usr-28::Abertura do chamado::Chamado gerado automaticamente.::resolvido||2025-10-04T17:00:00Z::usr-29::Status atualizado::Atualização automática.::resolvido','Grandes Empresas SP','SP Centro','Agencia SP Centro 1',NULL,NULL,'80000',NULL),('OME-2025-0125','InvestFácil • Captação Bruta (CDB, Isentos, Fundos, Corretora e Previdência) • Grupo Empresarial 10','Grupo Empresarial 10','captacao_bruta','Captação Bruta (CDB, Isentos, Fundos, Corretora e Previdência)','CAPTAÇÃO','Serviços financeiros','pobj','InvestFácil','aberto','media','2025-10-05 12:00:00','2025-10-05 20:00:00','2025-10-12 12:00:00','usr-29','usr-30','pobj','2025-10-05T12:00:00Z::usr-29::Abertura do chamado::Chamado gerado automaticamente.::aberto','Grandes Empresas SP','SP Centro','Agencia SP Centro 1',NULL,NULL,'600000',NULL),('OME-2025-0126','Fila • Capital de Giro Flex • Comércio Atacado 10','Comércio Atacado 10','capital_giro_flex','Capital de Giro Flex','Crédito PJ','Crédito','pobj','Fila','em_atendimento','baixa','2025-10-06 13:00:00','2025-10-06 23:00:00','2025-10-13 13:00:00','usr-30','usr-31','pobj','2025-10-06T13:00:00Z::usr-30::Abertura do chamado::Chamado gerado automaticamente.::em_atendimento||2025-10-06T23:00:00Z::usr-31::Status atualizado::Atualização automática.::em_atendimento','Grandes Empresas SP','SP Centro','Agencia SP Centro 1',NULL,NULL,'250000',NULL),('OME-2025-0127','Centralização de Caixa (Cash) • Antecipação de Recebíveis PJ • Empresa Logística 10','Empresa Logística 10','antecipacao_recebiveis','Antecipação de Recebíveis PJ','CAPTAÇÃO','Recebíveis','pobj','Centralização de Caixa (Cash)','aguardando','alta','2025-10-07 14:00:00','2025-10-08 02:00:00','2025-10-14 14:00:00','usr-31','usr-32','pobj','2025-10-07T14:00:00Z::usr-31::Abertura do chamado::Chamado gerado automaticamente.::aguardando||2025-10-08T02:00:00Z::usr-32::Status atualizado::Atualização automática.::aguardando','Grandes Empresas SP','SP Centro','Agencia SP Centro 1',NULL,NULL,'700000',NULL),('OME-2025-0128','Recuperação de Crédito • Maquininha Plus • Indústria Têxtil 10','Indústria Têxtil 10','maquininha_plus','Maquininha Plus','CAPTAÇÃO','Recebíveis','pobj','Recuperação de Crédito','resolvido','media','2025-10-08 15:00:00','2025-10-09 05:00:00','2025-10-15 15:00:00','usr-32','usr-33','pobj','2025-10-08T15:00:00Z::usr-32::Abertura do chamado::Chamado gerado automaticamente.::resolvido||2025-10-09T05:00:00Z::usr-33::Status atualizado::Atualização automática.::resolvido','Grandes Empresas SP','SP Centro','Agencia SP Centro 1',NULL,NULL,'180000',NULL),('OME-2025-0129','Cartões • Captação Bruta (CDB, Isentos, Fundos, Corretora e Previdência) • Holding Empresarial 10','Holding Empresarial 10','captacao_bruta','Captação Bruta (CDB, Isentos, Fundos, Corretora e Previdência)','CAPTAÇÃO','Serviços financeiros','pobj','Cartões','aberto','baixa','2025-10-09 16:00:00','2025-10-10 08:00:00','2025-10-16 16:00:00','usr-33','usr-34','pobj','2025-10-09T16:00:00Z::usr-33::Abertura do chamado::Chamado gerado automaticamente.::aberto','Grandes Empresas SP','SP Centro','Agencia SP Centro 1',NULL,NULL,'900000',NULL),('OME-2025-0130','InvestFácil • Capital de Giro Flex • Serviços Corporativos 10','Serviços Corporativos 10','capital_giro_flex','Capital de Giro Flex','Crédito PJ','Crédito','pobj','InvestFácil','em_atendimento','alta','2025-10-10 17:00:00','2025-10-11 11:00:00','2025-10-17 17:00:00','usr-34','usr-25','pobj','2025-10-10T17:00:00Z::usr-34::Abertura do chamado::Chamado gerado automaticamente.::em_atendimento||2025-10-11T11:00:00Z::usr-25::Status atualizado::Atualização automática.::em_atendimento','Grandes Empresas SP','SP Centro','Agencia SP Centro 1',NULL,NULL,'200000',NULL),('OME-2025-0131','Fila • Captação Bruta (CDB, Isentos, Fundos, Corretora e Previdência) • Tech Solutions 11','Tech Solutions 11','captacao_bruta','Captação Bruta (CDB, Isentos, Fundos, Corretora e Previdência)','CAPTAÇÃO','Serviços financeiros','pobj','Fila','aberto','alta','2025-11-01 08:00:00','2025-11-01 08:00:00','2025-11-08 08:00:00','usr-25','usr-26','pobj','2025-11-01T08:00:00Z::usr-25::Abertura do chamado::Chamado gerado automaticamente.::aberto','Grandes Empresas SP','SP Centro','Agencia SP Centro 1',NULL,NULL,'500000',NULL),('OME-2025-0132','Centralização de Caixa (Cash) • Capital de Giro Flex • Comércio Varejo 11','Comércio Varejo 11','capital_giro_flex','Capital de Giro Flex','Crédito PJ','Crédito','pobj','Centralização de Caixa (Cash)','em_atendimento','media','2025-11-02 09:00:00','2025-11-02 11:00:00','2025-11-09 09:00:00','usr-26','usr-27','pobj','2025-11-02T09:00:00Z::usr-26::Abertura do chamado::Chamado gerado automaticamente.::em_atendimento||2025-11-02T11:00:00Z::usr-27::Status atualizado::Atualização automática.::em_atendimento','Grandes Empresas SP','SP Centro','Agencia SP Centro 1',NULL,NULL,'300000',NULL),('OME-2025-0133','Recuperação de Crédito • Antecipação de Recebíveis PJ • Indústria Moderna 11','Indústria Moderna 11','antecipacao_recebiveis','Antecipação de Recebíveis PJ','CAPTAÇÃO','Recebíveis','pobj','Recuperação de Crédito','aguardando','baixa','2025-11-03 10:00:00','2025-11-03 14:00:00','2025-11-10 10:00:00','usr-27','usr-28','pobj','2025-11-03T10:00:00Z::usr-27::Abertura do chamado::Chamado gerado automaticamente.::aguardando||2025-11-03T14:00:00Z::usr-28::Status atualizado::Atualização automática.::aguardando','Grandes Empresas SP','SP Centro','Agencia SP Centro 1',NULL,NULL,'150000',NULL),('OME-2025-0134','Cartões • Maquininha Plus • Serviços Express 11','Serviços Express 11','maquininha_plus','Maquininha Plus','CAPTAÇÃO','Recebíveis','pobj','Cartões','resolvido','alta','2025-11-04 11:00:00','2025-11-04 17:00:00','2025-11-11 11:00:00','usr-28','usr-29','pobj','2025-11-04T11:00:00Z::usr-28::Abertura do chamado::Chamado gerado automaticamente.::resolvido||2025-11-04T17:00:00Z::usr-29::Status atualizado::Atualização automática.::resolvido','Grandes Empresas SP','SP Centro','Agencia SP Centro 1',NULL,NULL,'80000',NULL),('OME-2025-0135','InvestFácil • Captação Bruta (CDB, Isentos, Fundos, Corretora e Previdência) • Grupo Empresarial 11','Grupo Empresarial 11','captacao_bruta','Captação Bruta (CDB, Isentos, Fundos, Corretora e Previdência)','CAPTAÇÃO','Serviços financeiros','pobj','InvestFácil','aberto','media','2025-11-05 12:00:00','2025-11-05 20:00:00','2025-11-12 12:00:00','usr-29','usr-30','pobj','2025-11-05T12:00:00Z::usr-29::Abertura do chamado::Chamado gerado automaticamente.::aberto','Grandes Empresas SP','SP Centro','Agencia SP Centro 1',NULL,NULL,'600000',NULL),('OME-2025-0136','Fila • Capital de Giro Flex • Comércio Atacado 11','Comércio Atacado 11','capital_giro_flex','Capital de Giro Flex','Crédito PJ','Crédito','pobj','Fila','em_atendimento','baixa','2025-11-06 13:00:00','2025-11-06 23:00:00','2025-11-13 13:00:00','usr-30','usr-31','pobj','2025-11-06T13:00:00Z::usr-30::Abertura do chamado::Chamado gerado automaticamente.::em_atendimento||2025-11-06T23:00:00Z::usr-31::Status atualizado::Atualização automática.::em_atendimento','Grandes Empresas SP','SP Centro','Agencia SP Centro 1',NULL,NULL,'250000',NULL),('OME-2025-0137','Centralização de Caixa (Cash) • Antecipação de Recebíveis PJ • Empresa Logística 11','Empresa Logística 11','antecipacao_recebiveis','Antecipação de Recebíveis PJ','CAPTAÇÃO','Recebíveis','pobj','Centralização de Caixa (Cash)','aguardando','alta','2025-11-07 14:00:00','2025-11-08 02:00:00','2025-11-14 14:00:00','usr-31','usr-32','pobj','2025-11-07T14:00:00Z::usr-31::Abertura do chamado::Chamado gerado automaticamente.::aguardando||2025-11-08T02:00:00Z::usr-32::Status atualizado::Atualização automática.::aguardando','Grandes Empresas SP','SP Centro','Agencia SP Centro 1',NULL,NULL,'700000',NULL),('OME-2025-0138','Recuperação de Crédito • Maquininha Plus • Indústria Têxtil 11','Indústria Têxtil 11','maquininha_plus','Maquininha Plus','CAPTAÇÃO','Recebíveis','pobj','Recuperação de Crédito','resolvido','media','2025-11-08 15:00:00','2025-11-09 05:00:00','2025-11-15 15:00:00','usr-32','usr-33','pobj','2025-11-08T15:00:00Z::usr-32::Abertura do chamado::Chamado gerado automaticamente.::resolvido||2025-11-09T05:00:00Z::usr-33::Status atualizado::Atualização automática.::resolvido','Grandes Empresas SP','SP Centro','Agencia SP Centro 1',NULL,NULL,'180000',NULL),('OME-2025-0139','Cartões • Captação Bruta (CDB, Isentos, Fundos, Corretora e Previdência) • Holding Empresarial 11','Holding Empresarial 11','captacao_bruta','Captação Bruta (CDB, Isentos, Fundos, Corretora e Previdência)','CAPTAÇÃO','Serviços financeiros','pobj','Cartões','aberto','baixa','2025-11-09 16:00:00','2025-11-10 08:00:00','2025-11-16 16:00:00','usr-33','usr-34','pobj','2025-11-09T16:00:00Z::usr-33::Abertura do chamado::Chamado gerado automaticamente.::aberto','Grandes Empresas SP','SP Centro','Agencia SP Centro 1',NULL,NULL,'900000',NULL),('OME-2025-0140','InvestFácil • Capital de Giro Flex • Serviços Corporativos 11','Serviços Corporativos 11','capital_giro_flex','Capital de Giro Flex','Crédito PJ','Crédito','pobj','InvestFácil','em_atendimento','alta','2025-11-10 17:00:00','2025-11-11 11:00:00','2025-11-17 17:00:00','usr-34','usr-25','pobj','2025-11-10T17:00:00Z::usr-34::Abertura do chamado::Chamado gerado automaticamente.::em_atendimento||2025-11-11T11:00:00Z::usr-25::Status atualizado::Atualização automática.::em_atendimento','Grandes Empresas SP','SP Centro','Agencia SP Centro 1',NULL,NULL,'200000',NULL),('OME-2025-0141','Fila • Captação Bruta (CDB, Isentos, Fundos, Corretora e Previdência) • Tech Solutions 12','Tech Solutions 12','captacao_bruta','Captação Bruta (CDB, Isentos, Fundos, Corretora e Previdência)','CAPTAÇÃO','Serviços financeiros','pobj','Fila','aberto','alta','2025-12-01 08:00:00','2025-12-01 08:00:00','2025-12-08 08:00:00','usr-25','usr-26','pobj','2025-12-01T08:00:00Z::usr-25::Abertura do chamado::Chamado gerado automaticamente.::aberto','Grandes Empresas SP','SP Centro','Agencia SP Centro 1',NULL,NULL,'500000',NULL),('OME-2025-0142','Centralização de Caixa (Cash) • Capital de Giro Flex • Comércio Varejo 12','Comércio Varejo 12','capital_giro_flex','Capital de Giro Flex','Crédito PJ','Crédito','pobj','Centralização de Caixa (Cash)','em_atendimento','media','2025-12-02 09:00:00','2025-12-02 11:00:00','2025-12-09 09:00:00','usr-26','usr-27','pobj','2025-12-02T09:00:00Z::usr-26::Abertura do chamado::Chamado gerado automaticamente.::em_atendimento||2025-12-02T11:00:00Z::usr-27::Status atualizado::Atualização automática.::em_atendimento','Grandes Empresas SP','SP Centro','Agencia SP Centro 1',NULL,NULL,'300000',NULL),('OME-2025-0143','Recuperação de Crédito • Antecipação de Recebíveis PJ • Indústria Moderna 12','Indústria Moderna 12','antecipacao_recebiveis','Antecipação de Recebíveis PJ','CAPTAÇÃO','Recebíveis','pobj','Recuperação de Crédito','aguardando','baixa','2025-12-03 10:00:00','2025-12-03 14:00:00','2025-12-10 10:00:00','usr-27','usr-28','pobj','2025-12-03T10:00:00Z::usr-27::Abertura do chamado::Chamado gerado automaticamente.::aguardando||2025-12-03T14:00:00Z::usr-28::Status atualizado::Atualização automática.::aguardando','Grandes Empresas SP','SP Centro','Agencia SP Centro 1',NULL,NULL,'150000',NULL),('OME-2025-0144','Cartões • Maquininha Plus • Serviços Express 12','Serviços Express 12','maquininha_plus','Maquininha Plus','CAPTAÇÃO','Recebíveis','pobj','Cartões','resolvido','alta','2025-12-04 11:00:00','2025-12-04 17:00:00','2025-12-11 11:00:00','usr-28','usr-29','pobj','2025-12-04T11:00:00Z::usr-28::Abertura do chamado::Chamado gerado automaticamente.::resolvido||2025-12-04T17:00:00Z::usr-29::Status atualizado::Atualização automática.::resolvido','Grandes Empresas SP','SP Centro','Agencia SP Centro 1',NULL,NULL,'80000',NULL),('OME-2025-0145','InvestFácil • Captação Bruta (CDB, Isentos, Fundos, Corretora e Previdência) • Grupo Empresarial 12','Grupo Empresarial 12','captacao_bruta','Captação Bruta (CDB, Isentos, Fundos, Corretora e Previdência)','CAPTAÇÃO','Serviços financeiros','pobj','InvestFácil','aberto','media','2025-12-05 12:00:00','2025-12-05 20:00:00','2025-12-12 12:00:00','usr-29','usr-30','pobj','2025-12-05T12:00:00Z::usr-29::Abertura do chamado::Chamado gerado automaticamente.::aberto','Grandes Empresas SP','SP Centro','Agencia SP Centro 1',NULL,NULL,'600000',NULL),('OME-2025-0146','Fila • Capital de Giro Flex • Comércio Atacado 12','Comércio Atacado 12','capital_giro_flex','Capital de Giro Flex','Crédito PJ','Crédito','pobj','Fila','em_atendimento','baixa','2025-12-06 13:00:00','2025-12-06 23:00:00','2025-12-13 13:00:00','usr-30','usr-31','pobj','2025-12-06T13:00:00Z::usr-30::Abertura do chamado::Chamado gerado automaticamente.::em_atendimento||2025-12-06T23:00:00Z::usr-31::Status atualizado::Atualização automática.::em_atendimento','Grandes Empresas SP','SP Centro','Agencia SP Centro 1',NULL,NULL,'250000',NULL),('OME-2025-0147','Centralização de Caixa (Cash) • Antecipação de Recebíveis PJ • Empresa Logística 12','Empresa Logística 12','antecipacao_recebiveis','Antecipação de Recebíveis PJ','CAPTAÇÃO','Recebíveis','pobj','Centralização de Caixa (Cash)','aguardando','alta','2025-12-07 14:00:00','2025-12-08 02:00:00','2025-12-14 14:00:00','usr-31','usr-32','pobj','2025-12-07T14:00:00Z::usr-31::Abertura do chamado::Chamado gerado automaticamente.::aguardando||2025-12-08T02:00:00Z::usr-32::Status atualizado::Atualização automática.::aguardando','Grandes Empresas SP','SP Centro','Agencia SP Centro 1',NULL,NULL,'700000',NULL),('OME-2025-0148','Recuperação de Crédito • Maquininha Plus • Indústria Têxtil 12','Indústria Têxtil 12','maquininha_plus','Maquininha Plus','CAPTAÇÃO','Recebíveis','pobj','Recuperação de Crédito','resolvido','media','2025-12-08 15:00:00','2025-12-09 05:00:00','2025-12-15 15:00:00','usr-32','usr-33','pobj','2025-12-08T15:00:00Z::usr-32::Abertura do chamado::Chamado gerado automaticamente.::resolvido||2025-12-09T05:00:00Z::usr-33::Status atualizado::Atualização automática.::resolvido','Grandes Empresas SP','SP Centro','Agencia SP Centro 1',NULL,NULL,'180000',NULL),('OME-2025-0149','Cartões • Captação Bruta (CDB, Isentos, Fundos, Corretora e Previdência) • Holding Empresarial 12','Holding Empresarial 12','captacao_bruta','Captação Bruta (CDB, Isentos, Fundos, Corretora e Previdência)','CAPTAÇÃO','Serviços financeiros','pobj','Cartões','aberto','baixa','2025-12-09 16:00:00','2025-12-10 08:00:00','2025-12-16 16:00:00','usr-33','usr-34','pobj','2025-12-09T16:00:00Z::usr-33::Abertura do chamado::Chamado gerado automaticamente.::aberto','Grandes Empresas SP','SP Centro','Agencia SP Centro 1',NULL,NULL,'900000',NULL),('OME-2025-0150','InvestFácil • Capital de Giro Flex • Serviços Corporativos 12','Serviços Corporativos 12','capital_giro_flex','Capital de Giro Flex','Crédito PJ','Crédito','pobj','InvestFácil','em_atendimento','alta','2025-12-10 17:00:00','2025-12-11 11:00:00','2025-12-17 17:00:00','usr-34','usr-25','pobj','2025-12-10T17:00:00Z::usr-34::Abertura do chamado::Chamado gerado automaticamente.::em_atendimento||2025-12-11T11:00:00Z::usr-25::Status atualizado::Atualização automática.::em_atendimento','Grandes Empresas SP','SP Centro','Agencia SP Centro 1',NULL,NULL,'200000',NULL);
/*!40000 ALTER TABLE `omega_chamados` ENABLE KEYS */;
UNLOCK TABLES;

--
-- Table structure for table `omega_departamentos`
--

DROP TABLE IF EXISTS `omega_departamentos`;
/*!40101 SET @saved_cs_client     = @@character_set_client */;
/*!50503 SET character_set_client = utf8mb4 */;
CREATE TABLE `omega_departamentos` (
  `id` int(11) NOT NULL AUTO_INCREMENT,
  `nome` varchar(120) COLLATE utf8mb4_unicode_ci NOT NULL,
  `nome_id` varchar(30) COLLATE utf8mb4_unicode_ci NOT NULL,
  `ordem` int(11) DEFAULT NULL,
  `created_at` timestamp NOT NULL DEFAULT CURRENT_TIMESTAMP,
  `updated_at` timestamp NULL DEFAULT NULL ON UPDATE CURRENT_TIMESTAMP,
  PRIMARY KEY (`id`),
  UNIQUE KEY `nome` (`nome`),
  UNIQUE KEY `nome_id` (`nome_id`),
  KEY `idx_nome_id` (`nome_id`)
) ENGINE=InnoDB AUTO_INCREMENT=8 DEFAULT CHARSET=utf8mb4 COLLATE=utf8mb4_unicode_ci;
/*!40101 SET character_set_client = @saved_cs_client */;

--
-- Dumping data for table `omega_departamentos`
--

LOCK TABLES `omega_departamentos` WRITE;
/*!40000 ALTER TABLE `omega_departamentos` DISABLE KEYS */;
INSERT INTO `omega_departamentos` VALUES (1,'Encarteiramento','encarteiramento',1,'2025-12-04 01:39:14',NULL),(2,'Matriz','matriz',5,'2025-12-04 01:39:14',NULL),(3,'Metas','metas',2,'2025-12-04 01:39:14',NULL),(4,'Orçamento','orcamento',3,'2025-12-04 01:39:14',NULL),(5,'Outros','outros',6,'2025-12-04 01:39:14',NULL),(6,'POBJ','pobj',4,'2025-12-04 01:39:14',NULL),(7,'Visão Global','visao-global',0,'2025-12-04 01:39:14',NULL);
/*!40000 ALTER TABLE `omega_departamentos` ENABLE KEYS */;
UNLOCK TABLES;

--
-- Table structure for table `omega_status`
--

DROP TABLE IF EXISTS `omega_status`;
/*!40101 SET @saved_cs_client     = @@character_set_client */;
/*!50503 SET character_set_client = utf8mb4 */;
CREATE TABLE `omega_status` (
  `id` varchar(40) COLLATE utf8_unicode_ci NOT NULL,
  `label` varchar(100) COLLATE utf8_unicode_ci NOT NULL,
  `tone` varchar(20) COLLATE utf8_unicode_ci DEFAULT 'neutral',
  `descricao` varchar(255) COLLATE utf8_unicode_ci DEFAULT NULL,
  `ordem` int(11) DEFAULT NULL,
  `departamento_id` varchar(20) COLLATE utf8_unicode_ci DEFAULT NULL,
  PRIMARY KEY (`id`),
  KEY `idx_omega_status_departamento` (`departamento_id`)
) ENGINE=InnoDB DEFAULT CHARSET=utf8 COLLATE=utf8_unicode_ci;
/*!40101 SET character_set_client = @saved_cs_client */;

--
-- Dumping data for table `omega_status`
--

LOCK TABLES `omega_status` WRITE;
/*!40000 ALTER TABLE `omega_status` DISABLE KEYS */;
INSERT INTO `omega_status` VALUES ('aberto','Aberto','neutral','Chamado aberto e aguardando atendimento.',1,NULL),('aguardando','Aguardando','warning','Chamado aguardando informações ou aprovação.',2,NULL),('cancelado','Cancelado','danger','Chamado cancelado.',5,NULL),('em_atendimento','Em atendimento','progress','Equipe atuando no chamado.',3,NULL),('resolvido','Resolvido','success','Chamado concluído.',4,NULL);
/*!40000 ALTER TABLE `omega_status` ENABLE KEYS */;
UNLOCK TABLES;

--
-- Table structure for table `omega_usuarios`
--

DROP TABLE IF EXISTS `omega_usuarios`;
/*!40101 SET @saved_cs_client     = @@character_set_client */;
/*!50503 SET character_set_client = utf8mb4 */;
CREATE TABLE `omega_usuarios` (
  `id` varchar(40) COLLATE utf8_unicode_ci NOT NULL,
  `nome` varchar(150) COLLATE utf8_unicode_ci NOT NULL,
  `funcional` varchar(20) COLLATE utf8_unicode_ci DEFAULT NULL,
  `cargo` varchar(150) COLLATE utf8_unicode_ci DEFAULT NULL,
  `usuario` tinyint(1) DEFAULT '1',
  `analista` tinyint(1) DEFAULT '0',
  `supervisor` tinyint(1) DEFAULT '0',
  `admin` tinyint(1) DEFAULT '0',
  `encarteiramento` tinyint(1) DEFAULT '0',
  `meta` tinyint(1) DEFAULT '0',
  `orcamento` tinyint(1) DEFAULT '0',
  `pobj` tinyint(1) DEFAULT '0',
  `matriz` tinyint(1) DEFAULT '0',
  `outros` tinyint(1) DEFAULT '0',
  PRIMARY KEY (`id`)
) ENGINE=InnoDB DEFAULT CHARSET=utf8 COLLATE=utf8_unicode_ci;
/*!40101 SET character_set_client = @saved_cs_client */;

--
-- Dumping data for table `omega_usuarios`
--

LOCK TABLES `omega_usuarios` WRITE;
/*!40000 ALTER TABLE `omega_usuarios` DISABLE KEYS */;
INSERT INTO `omega_usuarios` VALUES ('usr-01','João Falavinha','012345','Gerente de Relacionamento',1,0,0,0,0,1,0,1,0,0),('usr-02','Ana Souza','045678','Gerente Regional',1,1,0,0,1,1,0,0,0,0),('usr-03','Bruno Pereira','078912','Gerente de Gestão',1,0,1,0,0,0,0,1,0,0),('usr-04','Juliana Costa','078913','Gerente Corporate',1,1,0,0,0,0,0,1,0,0),('usr-05','Maria Oliveira','012346','Gestora de Carteira',1,0,1,0,1,1,0,1,0,0),('usr-06','Equipe Matriz','000001','Analista Matriz',1,1,0,0,0,0,1,0,1,1),('usr-07','Carla Supervisor','045679','Supervisora POBJ',1,0,1,0,0,0,0,1,0,0),('usr-25','Carlos Mendes','023456','Gerente de Relacionamento',1,0,0,0,0,1,0,1,0,0),('usr-26','Fernanda Lima','034567','Analista de Relacionamento',1,1,0,0,1,1,0,0,0,0),('usr-27','Roberto Silva','045678','Supervisor de Carteira',1,0,1,0,1,0,0,1,0,0),('usr-28','Patricia Santos','056789','Gerente Regional',1,1,0,0,0,1,1,0,0,0),('usr-29','Marcos Oliveira','067890','Gerente de Gestão',1,0,1,0,0,0,0,1,1,0),('usr-30','Luciana Costa','078901','Analista de Metas',1,1,0,0,0,1,0,0,0,0),('usr-31','Ricardo Alves','089012','Gerente Corporate',1,0,0,0,0,0,0,1,0,1),('usr-32','Camila Ferreira','090123','Gestora de Carteira',1,0,1,0,1,1,0,1,0,0),('usr-33','André Martins','012345','Supervisor de Encarteiramento',1,0,1,0,1,0,0,0,0,0),('usr-34','Juliana Rocha','023456','Analista de Orçamento',1,1,0,0,0,0,1,0,0,0),('usr-35','Felipe Souza','034567','Gerente de Relacionamento',1,0,0,0,0,1,0,1,0,0),('usr-36','Mariana Dias','045678','Analista de Relacionamento',1,1,0,0,1,1,0,0,0,0),('usr-37','Gustavo Araujo','056789','Gerente Regional',1,0,1,0,0,1,0,1,0,0),('usr-38','Beatriz Nunes','067890','Supervisor de Carteira',1,0,1,0,1,0,0,1,0,0),('usr-39','Rodrigo Teixeira','078901','Gerente de Gestão',1,1,0,0,0,0,0,1,1,0),('usr-40','Tatiana Moreira','089012','Analista de Metas',1,1,0,0,0,1,0,0,0,0),('usr-41','Paulo Cardoso','090123','Gerente Corporate',1,0,0,0,0,0,0,1,0,1),('usr-42','Renata Barbosa','012345','Gestora de Carteira',1,0,1,0,1,1,0,1,0,0),('usr-43','Thiago Lopes','023456','Supervisor de Encarteiramento',1,0,1,0,1,0,0,0,0,0),('usr-44','Vanessa Cunha','034567','Analista de Orçamento',1,1,0,0,0,0,1,0,0,0),('usr-xburguer','X-Burguer','0897654','Gerente de Relacionamento',1,0,0,0,0,0,0,1,0,0);
/*!40000 ALTER TABLE `omega_usuarios` ENABLE KEYS */;
UNLOCK TABLES;

--
-- Table structure for table `regionais`
--

DROP TABLE IF EXISTS `regionais`;
/*!40101 SET @saved_cs_client     = @@character_set_client */;
/*!50503 SET character_set_client = utf8mb4 */;
CREATE TABLE `regionais` (
  `id` int(10) unsigned NOT NULL AUTO_INCREMENT,
  `diretoria_id` int(10) unsigned NOT NULL,
  `nome` varchar(255) COLLATE utf8_unicode_ci NOT NULL,
  `created_at` timestamp NOT NULL DEFAULT CURRENT_TIMESTAMP,
  `updated_at` timestamp NULL DEFAULT NULL ON UPDATE CURRENT_TIMESTAMP,
  PRIMARY KEY (`id`),
  UNIQUE KEY `uq_regional_diretoria_nome` (`diretoria_id`,`nome`),
  CONSTRAINT `fk_regionais_diretoria` FOREIGN KEY (`diretoria_id`) REFERENCES `diretorias` (`id`)
) ENGINE=InnoDB AUTO_INCREMENT=8491 DEFAULT CHARSET=utf8 COLLATE=utf8_unicode_ci;
/*!40101 SET character_set_client = @saved_cs_client */;

--
-- Dumping data for table `regionais`
--

LOCK TABLES `regionais` WRITE;
/*!40000 ALTER TABLE `regionais` DISABLE KEYS */;
INSERT INTO `regionais` VALUES (8486,8607,'sul e oeste','2025-12-08 02:35:56',NULL),(8487,8607,'sp capital leste','2025-12-08 02:35:56',NULL),(8488,8607,'sp capital norte','2025-12-08 05:35:56',NULL),(8489,8607,'sp interior norte','2025-12-08 05:35:56',NULL),(8490,8607,'sp interior sul','2025-12-08 05:35:56',NULL);
/*!40000 ALTER TABLE `regionais` ENABLE KEYS */;
UNLOCK TABLES;

--
-- Table structure for table `segmentos`
--

DROP TABLE IF EXISTS `segmentos`;
/*!40101 SET @saved_cs_client     = @@character_set_client */;
/*!50503 SET character_set_client = utf8mb4 */;
CREATE TABLE `segmentos` (
  `id` int(10) unsigned NOT NULL AUTO_INCREMENT,
  `nome` varchar(255) COLLATE utf8_unicode_ci NOT NULL,
  `created_at` timestamp NOT NULL DEFAULT CURRENT_TIMESTAMP,
  `updated_at` timestamp NULL DEFAULT NULL ON UPDATE CURRENT_TIMESTAMP,
  PRIMARY KEY (`id`),
  UNIQUE KEY `nome` (`nome`)
) ENGINE=InnoDB AUTO_INCREMENT=2 DEFAULT CHARSET=utf8 COLLATE=utf8_unicode_ci;
/*!40101 SET character_set_client = @saved_cs_client */;

--
-- Dumping data for table `segmentos`
--

LOCK TABLES `segmentos` WRITE;
/*!40000 ALTER TABLE `segmentos` DISABLE KEYS */;
INSERT INTO `segmentos` VALUES (1,'empresas','2025-12-08 02:35:54',NULL);
/*!40000 ALTER TABLE `segmentos` ENABLE KEYS */;
UNLOCK TABLES;

--
-- Table structure for table `subindicador`
--

DROP TABLE IF EXISTS `subindicador`;
/*!40101 SET @saved_cs_client     = @@character_set_client */;
/*!50503 SET character_set_client = utf8mb4 */;
CREATE TABLE `subindicador` (
  `id` int(11) NOT NULL AUTO_INCREMENT,
  `indicador_id` int(11) NOT NULL,
  `nm_subindicador` varchar(120) COLLATE utf8_unicode_ci NOT NULL,
  PRIMARY KEY (`id`),
  UNIQUE KEY `uq_indicador_sub` (`indicador_id`,`nm_subindicador`),
  CONSTRAINT `subindicador_ibfk_1` FOREIGN KEY (`indicador_id`) REFERENCES `indicador` (`id`)
) ENGINE=InnoDB AUTO_INCREMENT=5 DEFAULT CHARSET=utf8 COLLATE=utf8_unicode_ci;
/*!40101 SET character_set_client = @saved_cs_client */;

--
-- Dumping data for table `subindicador`
--

LOCK TABLES `subindicador` WRITE;
/*!40000 ALTER TABLE `subindicador` DISABLE KEYS */;
INSERT INTO `subindicador` VALUES (1,1,'Contas a Pagar'),(2,1,'Contas a Receber'),(3,3,'Linha PJ'),(4,4,'CDB e Isentos');
/*!40000 ALTER TABLE `subindicador` ENABLE KEYS */;
UNLOCK TABLES;

--
-- Dumping routines for database 'pobj'
--
/*!40103 SET TIME_ZONE=@OLD_TIME_ZONE */;

/*!40101 SET SQL_MODE=@OLD_SQL_MODE */;
/*!40014 SET FOREIGN_KEY_CHECKS=@OLD_FOREIGN_KEY_CHECKS */;
/*!40014 SET UNIQUE_CHECKS=@OLD_UNIQUE_CHECKS */;
/*!40101 SET CHARACTER_SET_CLIENT=@OLD_CHARACTER_SET_CLIENT */;
/*!40101 SET CHARACTER_SET_RESULTS=@OLD_CHARACTER_SET_RESULTS */;
/*!40101 SET COLLATION_CONNECTION=@OLD_COLLATION_CONNECTION */;
/*!40111 SET SQL_NOTES=@OLD_SQL_NOTES */;

-- Dump completed on 2025-12-09 22:07:06
